  0.00000000E+00 -0.34309754E+01
  0.10081144E-01 -0.34327075E+01
  0.20162287E-01 -0.34378842E+01
  0.30243431E-01 -0.34464433E+01
  0.40324575E-01 -0.34582841E+01
  0.50405718E-01 -0.34732722E+01
  0.60486862E-01 -0.34912445E+01
  0.70568006E-01 -0.35120154E+01
  0.80649149E-01 -0.35353833E+01
  0.90730293E-01 -0.35611367E+01
  0.10081144E+00 -0.35890591E+01
  0.11089258E+00 -0.36189345E+01
  0.12097372E+00 -0.36505506E+01
  0.13105487E+00 -0.36837022E+01
  0.14113601E+00 -0.37181934E+01
  0.15121715E+00 -0.37538390E+01
  0.16129830E+00 -0.37904654E+01
  0.17137944E+00 -0.38279114E+01
  0.18146059E+00 -0.38660278E+01
  0.19154173E+00 -0.39046777E+01
  0.20162287E+00 -0.39437357E+01
  0.21170402E+00 -0.39830879E+01
  0.22178516E+00 -0.40226308E+01
  0.23186630E+00 -0.40622711E+01
  0.24194745E+00 -0.41019245E+01
  0.25202859E+00 -0.41415159E+01
  0.26210973E+00 -0.41809779E+01
  0.27219088E+00 -0.42202508E+01
  0.28227202E+00 -0.42592817E+01
  0.29235317E+00 -0.42980241E+01
  0.30243431E+00 -0.43364375E+01
  0.31251545E+00 -0.43744865E+01
  0.32259660E+00 -0.44121410E+01
  0.33267774E+00 -0.44493752E+01
  0.34275888E+00 -0.44861676E+01
  0.35284003E+00 -0.45225003E+01
  0.36292117E+00 -0.45583591E+01
  0.37300231E+00 -0.45937327E+01
  0.38308346E+00 -0.46286129E+01
  0.39316460E+00 -0.46629937E+01
  0.40324575E+00 -0.46968716E+01
  0.41332689E+00 -0.47302451E+01
  0.42340803E+00 -0.47631144E+01
  0.43348918E+00 -0.47954814E+01
  0.44357032E+00 -0.48273489E+01
  0.45365146E+00 -0.48587213E+01
  0.46373261E+00 -0.48896035E+01
  0.47381375E+00 -0.49200013E+01
  0.48389489E+00 -0.49499209E+01
  0.49397604E+00 -0.49793688E+01
  0.50405718E+00 -0.50083518E+01
  0.51413833E+00 -0.50368764E+01
  0.52421947E+00 -0.50649492E+01
  0.53430061E+00 -0.50925764E+01
  0.54438176E+00 -0.51197636E+01
  0.55446290E+00 -0.51465162E+01
  0.56454404E+00 -0.51728385E+01
  0.57462519E+00 -0.51987342E+01
  0.58470633E+00 -0.52242064E+01
  0.59478747E+00 -0.52492568E+01
  0.60486862E+00 -0.52738865E+01
  0.61494976E+00 -0.52980953E+01
  0.62503091E+00 -0.53218820E+01
  0.63511205E+00 -0.53452444E+01
  0.64519319E+00 -0.53681791E+01
  0.65527434E+00 -0.53906816E+01
  0.66535548E+00 -0.54127462E+01
  0.67543662E+00 -0.54343664E+01
  0.68551777E+00 -0.54555344E+01
  0.69559891E+00 -0.54762416E+01
  0.70568006E+00 -0.54964783E+01
  0.71576120E+00 -0.55162342E+01
  0.72584234E+00 -0.55354978E+01
  0.73592349E+00 -0.55542573E+01
  0.74600463E+00 -0.55725001E+01
  0.75608577E+00 -0.55902129E+01
  0.76616692E+00 -0.56073822E+01
  0.77624806E+00 -0.56239940E+01
  0.78632920E+00 -0.56400341E+01
  0.79641035E+00 -0.56554881E+01
  0.80649149E+00 -0.56703414E+01
  0.81657264E+00 -0.56845797E+01
  0.82665378E+00 -0.56981885E+01
  0.83673492E+00 -0.57111538E+01
  0.84681607E+00 -0.57234617E+01
  0.85689721E+00 -0.57350987E+01
  0.86697835E+00 -0.57460516E+01
  0.87705950E+00 -0.57563081E+01
  0.88714064E+00 -0.57658561E+01
  0.89722178E+00 -0.57746843E+01
  0.90730293E+00 -0.57827822E+01
  0.91738407E+00 -0.57901398E+01
  0.92746522E+00 -0.57967481E+01
  0.93754636E+00 -0.58025990E+01
  0.94762750E+00 -0.58076850E+01
  0.95770865E+00 -0.58119998E+01
  0.96778979E+00 -0.58155379E+01
  0.97787093E+00 -0.58182948E+01
  0.98795208E+00 -0.58202670E+01
  0.99803322E+00 -0.58214519E+01
  0.10081144E+01 -0.58218480E+01
  0.10182367E+01 -0.58213289E+01
  0.10283591E+01 -0.58197711E+01
  0.10384814E+01 -0.58171778E+01
  0.10486038E+01 -0.58135542E+01
  0.10587261E+01 -0.58089075E+01
  0.10688485E+01 -0.58032472E+01
  0.10789708E+01 -0.57965847E+01
  0.10890932E+01 -0.57889335E+01
  0.10992155E+01 -0.57803088E+01
  0.11093379E+01 -0.57707281E+01
  0.11194602E+01 -0.57602104E+01
  0.11295826E+01 -0.57487768E+01
  0.11397049E+01 -0.57364500E+01
  0.11498273E+01 -0.57232544E+01
  0.11599496E+01 -0.57092159E+01
  0.11700720E+01 -0.56943621E+01
  0.11801943E+01 -0.56787216E+01
  0.11903167E+01 -0.56623247E+01
  0.12004390E+01 -0.56452024E+01
  0.12105614E+01 -0.56273871E+01
  0.12206837E+01 -0.56089119E+01
  0.12308061E+01 -0.55898104E+01
  0.12409284E+01 -0.55701171E+01
  0.12510508E+01 -0.55498666E+01
  0.12611731E+01 -0.55290939E+01
  0.12712955E+01 -0.55078338E+01
  0.12814178E+01 -0.54861210E+01
  0.12915402E+01 -0.54639898E+01
  0.13016625E+01 -0.54414740E+01
  0.13117849E+01 -0.54186065E+01
  0.13219072E+01 -0.53954192E+01
  0.13320296E+01 -0.53719430E+01
  0.13421519E+01 -0.53482070E+01
  0.13522742E+01 -0.53242391E+01
  0.13623966E+01 -0.53000652E+01
  0.13725189E+01 -0.52757092E+01
  0.13826413E+01 -0.52511929E+01
  0.13927636E+01 -0.52265357E+01
  0.14028860E+01 -0.52017545E+01
  0.14130083E+01 -0.51768638E+01
  0.14231307E+01 -0.51518749E+01
  0.14332530E+01 -0.51267966E+01
  0.14433754E+01 -0.51016345E+01
  0.14534977E+01 -0.50763912E+01
  0.14636201E+01 -0.50510661E+01
  0.14737424E+01 -0.50256557E+01
  0.14838648E+01 -0.50001529E+01
  0.14939871E+01 -0.49745477E+01
  0.15041095E+01 -0.49488269E+01
  0.15142318E+01 -0.49229742E+01
  0.15243542E+01 -0.48969700E+01
  0.15344765E+01 -0.48707919E+01
  0.15445989E+01 -0.48444148E+01
  0.15547212E+01 -0.48178104E+01
  0.15648436E+01 -0.47909483E+01
  0.15749659E+01 -0.47637951E+01
  0.15850883E+01 -0.47363157E+01
  0.15952106E+01 -0.47084723E+01
  0.16053330E+01 -0.46802259E+01
  0.16154553E+01 -0.46515352E+01
  0.16255777E+01 -0.46223579E+01
  0.16357000E+01 -0.45926503E+01
  0.16458224E+01 -0.45623679E+01
  0.16559447E+01 -0.45314656E+01
  0.16660671E+01 -0.44998976E+01
  0.16761894E+01 -0.44676183E+01
  0.16863118E+01 -0.44345820E+01
  0.16964341E+01 -0.44007436E+01
  0.17065565E+01 -0.43660586E+01
  0.17166788E+01 -0.43304833E+01
  0.17268012E+01 -0.42939756E+01
  0.17369235E+01 -0.42564945E+01
  0.17470459E+01 -0.42180010E+01
  0.17571682E+01 -0.41784579E+01
  0.17672906E+01 -0.41378304E+01
  0.17774129E+01 -0.40960859E+01
  0.17875353E+01 -0.40531946E+01
  0.17976576E+01 -0.40091296E+01
  0.18077800E+01 -0.39638667E+01
  0.18179023E+01 -0.39173853E+01
  0.18280247E+01 -0.38696677E+01
  0.18381470E+01 -0.38207000E+01
  0.18482694E+01 -0.37704715E+01
  0.18583917E+01 -0.37189754E+01
  0.18685141E+01 -0.36662085E+01
  0.18786364E+01 -0.36121712E+01
  0.18887588E+01 -0.35568679E+01
  0.18988811E+01 -0.35003063E+01
  0.19090035E+01 -0.34424983E+01
  0.19191258E+01 -0.33834592E+01
  0.19292482E+01 -0.33232079E+01
  0.19393705E+01 -0.32617669E+01
  0.19494929E+01 -0.31991619E+01
  0.19596152E+01 -0.31354220E+01
  0.19697376E+01 -0.30705795E+01
  0.19798599E+01 -0.30046693E+01
  0.19899823E+01 -0.29377294E+01
  0.20001046E+01 -0.28698000E+01
  0.20102270E+01 -0.28009239E+01
  0.20203493E+01 -0.27311458E+01
  0.20304717E+01 -0.26605122E+01
  0.20405940E+01 -0.25890714E+01
  0.20507164E+01 -0.25168729E+01
  0.20608387E+01 -0.24439670E+01
  0.20709611E+01 -0.23704052E+01
  0.20810834E+01 -0.22962391E+01
  0.20912058E+01 -0.22215208E+01
  0.21013281E+01 -0.21463021E+01
  0.21114505E+01 -0.20706347E+01
  0.21215728E+01 -0.19945694E+01
  0.21316952E+01 -0.19181564E+01
  0.21418175E+01 -0.18414445E+01
  0.21519399E+01 -0.17644814E+01
  0.21620622E+01 -0.16873131E+01
  0.21721846E+01 -0.16099837E+01
  0.21721846E+01 -0.16099837E+01
  0.21822226E+01 -0.16160140E+01
  0.21922607E+01 -0.16217256E+01
  0.22022988E+01 -0.16271274E+01
  0.22123369E+01 -0.16322309E+01
  0.22223749E+01 -0.16370508E+01
  0.22324130E+01 -0.16416060E+01
  0.22424511E+01 -0.16459195E+01
  0.22524891E+01 -0.16500189E+01
  0.22625272E+01 -0.16539369E+01
  0.22725653E+01 -0.16577108E+01
  0.22826034E+01 -0.16613832E+01
  0.22926414E+01 -0.16650011E+01
  0.23026795E+01 -0.16686161E+01
  0.23127176E+01 -0.16722837E+01
  0.23227556E+01 -0.16760630E+01
  0.23327937E+01 -0.16800159E+01
  0.23428318E+01 -0.16842065E+01
  0.23528699E+01 -0.16887005E+01
  0.23629079E+01 -0.16935646E+01
  0.23729460E+01 -0.16988658E+01
  0.23829841E+01 -0.17046709E+01
  0.23930222E+01 -0.17110462E+01
  0.24030602E+01 -0.17180567E+01
  0.24130983E+01 -0.17257663E+01
  0.24231364E+01 -0.17342370E+01
  0.24331744E+01 -0.17435291E+01
  0.24432125E+01 -0.17537006E+01
  0.24532506E+01 -0.17648075E+01
  0.24632887E+01 -0.17769031E+01
  0.24733267E+01 -0.17900380E+01
  0.24833648E+01 -0.18042599E+01
  0.24934029E+01 -0.18196133E+01
  0.25034410E+01 -0.18361392E+01
  0.25134790E+01 -0.18538747E+01
  0.25235171E+01 -0.18728525E+01
  0.25335552E+01 -0.18931007E+01
  0.25435932E+01 -0.19146425E+01
  0.25536313E+01 -0.19374956E+01
  0.25636694E+01 -0.19616716E+01
  0.25737075E+01 -0.19871764E+01
  0.25837455E+01 -0.20140092E+01
  0.25938659E+01 -0.20423989E+01
  0.26039862E+01 -0.20721167E+01
  0.26141066E+01 -0.21031415E+01
  0.26242269E+01 -0.21354452E+01
  0.26343473E+01 -0.21689935E+01
  0.26444676E+01 -0.22037457E+01
  0.26545880E+01 -0.22396556E+01
  0.26647083E+01 -0.22766721E+01
  0.26748287E+01 -0.23147393E+01
  0.26849490E+01 -0.23537979E+01
  0.26950694E+01 -0.23937859E+01
  0.27051897E+01 -0.24346389E+01
  0.27153101E+01 -0.24762913E+01
  0.27254305E+01 -0.25186773E+01
  0.27355508E+01 -0.25617309E+01
  0.27456712E+01 -0.26053875E+01
  0.27557915E+01 -0.26495838E+01
  0.27659119E+01 -0.26942586E+01
  0.27760322E+01 -0.27393531E+01
  0.27861526E+01 -0.27848116E+01
  0.27962729E+01 -0.28305812E+01
  0.28063933E+01 -0.28766125E+01
  0.28165136E+01 -0.29228591E+01
  0.28266340E+01 -0.29692780E+01
  0.28367543E+01 -0.30158293E+01
  0.28468747E+01 -0.30624760E+01
  0.28569950E+01 -0.31091839E+01
  0.28671154E+01 -0.31559214E+01
  0.28772357E+01 -0.32026588E+01
  0.28873561E+01 -0.32493686E+01
  0.28974764E+01 -0.32960244E+01
  0.29075968E+01 -0.33426014E+01
  0.29177171E+01 -0.33890755E+01
  0.29278375E+01 -0.34354230E+01
  0.29379578E+01 -0.34816208E+01
  0.29480782E+01 -0.35276453E+01
  0.29581985E+01 -0.35734732E+01
  0.29683189E+01 -0.36190804E+01
  0.29784392E+01 -0.36644422E+01
  0.29885596E+01 -0.37095333E+01
  0.29986799E+01 -0.37543277E+01
  0.30088003E+01 -0.37987985E+01
  0.30189206E+01 -0.38429178E+01
  0.30290410E+01 -0.38866573E+01
  0.30391614E+01 -0.39299880E+01
  0.30492817E+01 -0.39728803E+01
  0.30594021E+01 -0.40153044E+01
  0.30695224E+01 -0.40572305E+01
  0.30796428E+01 -0.40986287E+01
  0.30897631E+01 -0.41394701E+01
  0.30998835E+01 -0.41797260E+01
  0.31100038E+01 -0.42193692E+01
  0.31201242E+01 -0.42583738E+01
  0.31302445E+01 -0.42967158E+01
  0.31403649E+01 -0.43343732E+01
  0.31504852E+01 -0.43713266E+01
  0.31606056E+01 -0.44075594E+01
  0.31707259E+01 -0.44430583E+01
  0.31808463E+01 -0.44778131E+01
  0.31909666E+01 -0.45118178E+01
  0.32010870E+01 -0.45450700E+01
  0.32112073E+01 -0.45775717E+01
  0.32213277E+01 -0.46093290E+01
  0.32314480E+01 -0.46403526E+01
  0.32415684E+01 -0.46706573E+01
  0.32516887E+01 -0.47002627E+01
  0.32618091E+01 -0.47291923E+01
  0.32719294E+01 -0.47574741E+01
  0.32820498E+01 -0.47851396E+01
  0.32921701E+01 -0.48122243E+01
  0.33022905E+01 -0.48387666E+01
  0.33124108E+01 -0.48648079E+01
  0.33225312E+01 -0.48903917E+01
  0.33326515E+01 -0.49155635E+01
  0.33427719E+01 -0.49403698E+01
  0.33528923E+01 -0.49648577E+01
  0.33630126E+01 -0.49890742E+01
  0.33731330E+01 -0.50130657E+01
  0.33832533E+01 -0.50368767E+01
  0.33933737E+01 -0.50605502E+01
  0.34034940E+01 -0.50841258E+01
  0.34136144E+01 -0.51076403E+01
  0.34237347E+01 -0.51311260E+01
  0.34338551E+01 -0.51546111E+01
  0.34439754E+01 -0.51781186E+01
  0.34540958E+01 -0.52016662E+01
  0.34642161E+01 -0.52252658E+01
  0.34743365E+01 -0.52489233E+01
  0.34844568E+01 -0.52726386E+01
  0.34945772E+01 -0.52964051E+01
  0.35046975E+01 -0.53202100E+01
  0.35148179E+01 -0.53440343E+01
  0.35249382E+01 -0.53678530E+01
  0.35350586E+01 -0.53916351E+01
  0.35451789E+01 -0.54153440E+01
  0.35552993E+01 -0.54389381E+01
  0.35654196E+01 -0.54623706E+01
  0.35755400E+01 -0.54855906E+01
  0.35856603E+01 -0.55085432E+01
  0.35957807E+01 -0.55311700E+01
  0.36059010E+01 -0.55534100E+01
  0.36160214E+01 -0.55751997E+01
  0.36261417E+01 -0.55964740E+01
  0.36362621E+01 -0.56171665E+01
  0.36463824E+01 -0.56372106E+01
  0.36565028E+01 -0.56565394E+01
  0.36666232E+01 -0.56750867E+01
  0.36767435E+01 -0.56927874E+01
  0.36868639E+01 -0.57095780E+01
  0.36969842E+01 -0.57253973E+01
  0.37071046E+01 -0.57401865E+01
  0.37172249E+01 -0.57538899E+01
  0.37273453E+01 -0.57664552E+01
  0.37374656E+01 -0.57778342E+01
  0.37475860E+01 -0.57879825E+01
  0.37577063E+01 -0.57968604E+01
  0.37678267E+01 -0.58044328E+01
  0.37779470E+01 -0.58106699E+01
  0.37880674E+01 -0.58155466E+01
  0.37981877E+01 -0.58190437E+01
  0.38083081E+01 -0.58211469E+01
  0.38184284E+01 -0.58218480E+01

  0.00000000E+00 -0.82982321E+00
  0.10081144E-01 -0.82755193E+00
  0.20162287E-01 -0.82074813E+00
  0.30243431E-01 -0.80947221E+00
  0.40324575E-01 -0.79382175E+00
  0.50405718E-01 -0.77392717E+00
  0.60486862E-01 -0.74994625E+00
  0.70568006E-01 -0.72205807E+00
  0.80649149E-01 -0.69045673E+00
  0.90730293E-01 -0.65534539E+00
  0.10081144E+00 -0.61693081E+00
  0.11089258E+00 -0.57541873E+00
  0.12097372E+00 -0.53101005E+00
  0.13105487E+00 -0.48389786E+00
  0.14113601E+00 -0.43426533E+00
  0.15121715E+00 -0.38228425E+00
  0.16129830E+00 -0.32811420E+00
  0.17137944E+00 -0.27190217E+00
  0.18146059E+00 -0.21378259E+00
  0.19154173E+00 -0.15387762E+00
  0.20162287E+00 -0.92297621E-01
  0.21170402E+00 -0.29141850E-01
  0.22178516E+00  0.35500874E-01
  0.23186630E+00  0.10155138E+00
  0.24194745E+00  0.16893934E+00
  0.25202859E+00  0.23760251E+00
  0.26210973E+00  0.30748592E+00
  0.27219088E+00  0.37854117E+00
  0.28227202E+00  0.45072565E+00
  0.29235317E+00  0.52400193E+00
  0.30243431E+00  0.59833705E+00
  0.31251545E+00  0.67370195E+00
  0.32259660E+00  0.75007091E+00
  0.33267774E+00  0.82742098E+00
  0.34275888E+00  0.90573149E+00
  0.35284003E+00  0.98498364E+00
  0.36292117E+00  0.10651600E+01
  0.37300231E+00  0.11462442E+01
  0.38308346E+00  0.12282204E+01
  0.39316460E+00  0.13110733E+01
  0.40324575E+00  0.13947872E+01
  0.41332689E+00  0.14793467E+01
  0.42340803E+00  0.15647354E+01
  0.43348918E+00  0.16509363E+01
  0.44357032E+00  0.17379317E+01
  0.45365146E+00  0.18257024E+01
  0.46373261E+00  0.19142284E+01
  0.47381375E+00  0.20034878E+01
  0.48389489E+00  0.20934578E+01
  0.49397604E+00  0.21841135E+01
  0.50405718E+00  0.22754288E+01
  0.51413833E+00  0.23673757E+01
  0.52421947E+00  0.24599246E+01
  0.53430061E+00  0.25530440E+01
  0.54438176E+00  0.26467008E+01
  0.55446290E+00  0.27408601E+01
  0.56454404E+00  0.28354854E+01
  0.57462519E+00  0.29305381E+01
  0.58470633E+00  0.30259781E+01
  0.59478747E+00  0.31217635E+01
  0.60486862E+00  0.32178506E+01
  0.61494976E+00  0.33141936E+01
  0.62503091E+00  0.34107453E+01
  0.63511205E+00  0.35074561E+01
  0.64519319E+00  0.36042744E+01
  0.65527434E+00  0.37011466E+01
  0.66535548E+00  0.37980164E+01
  0.67543662E+00  0.38948252E+01
  0.68551777E+00  0.39915114E+01
  0.69559891E+00  0.40880101E+01
  0.70568006E+00  0.41842530E+01
  0.71576120E+00  0.42801679E+01
  0.72584234E+00  0.43756779E+01
  0.73592349E+00  0.44707011E+01
  0.74600463E+00  0.45651500E+01
  0.75608577E+00  0.46589305E+01
  0.76616692E+00  0.47519411E+01
  0.77624806E+00  0.48440718E+01
  0.78632920E+00  0.49352033E+01
  0.79641035E+00  0.50252052E+01
  0.80649149E+00  0.51139349E+01
  0.81657264E+00  0.52012360E+01
  0.82665378E+00  0.52869362E+01
  0.83673492E+00  0.53708457E+01
  0.84681607E+00  0.54527546E+01
  0.85689721E+00  0.55324312E+01
  0.86697835E+00  0.56096197E+01
  0.87705950E+00  0.56840377E+01
  0.88714064E+00  0.57553750E+01
  0.89722178E+00  0.58232922E+01
  0.90730293E+00  0.58874204E+01
  0.91738407E+00  0.59473630E+01
  0.92746522E+00  0.60026985E+01
  0.93754636E+00  0.60529869E+01
  0.94762750E+00  0.60977788E+01
  0.95770865E+00  0.61366276E+01
  0.96778979E+00  0.61691061E+01
  0.97787093E+00  0.61948248E+01
  0.98795208E+00  0.62134525E+01
  0.99803322E+00  0.62247353E+01
  0.10081144E+01  0.62285135E+01
  0.10182367E+01  0.62260553E+01
  0.10283591E+01  0.62187012E+01
  0.10384814E+01  0.62065283E+01
  0.10486038E+01  0.61896611E+01
  0.10587261E+01  0.61682654E+01
  0.10688485E+01  0.61425416E+01
  0.10789708E+01  0.61127159E+01
  0.10890932E+01  0.60790329E+01
  0.10992155E+01  0.60417475E+01
  0.11093379E+01  0.60011183E+01
  0.11194602E+01  0.59574018E+01
  0.11295826E+01  0.59108476E+01
  0.11397049E+01  0.58616948E+01
  0.11498273E+01  0.58101702E+01
  0.11599496E+01  0.57564859E+01
  0.11700720E+01  0.57008388E+01
  0.11801943E+01  0.56434103E+01
  0.11903167E+01  0.55843664E+01
  0.12004390E+01  0.55238584E+01
  0.12105614E+01  0.54620230E+01
  0.12206837E+01  0.53989838E+01
  0.12308061E+01  0.53348517E+01
  0.12409284E+01  0.52697261E+01
  0.12510508E+01  0.52036958E+01
  0.12611731E+01  0.51368397E+01
  0.12712955E+01  0.50692282E+01
  0.12814178E+01  0.50009235E+01
  0.12915402E+01  0.49319807E+01
  0.13016625E+01  0.48624486E+01
  0.13117849E+01  0.47923701E+01
  0.13219072E+01  0.47217833E+01
  0.13320296E+01  0.46507218E+01
  0.13421519E+01  0.45792153E+01
  0.13522742E+01  0.45072903E+01
  0.13623966E+01  0.44349703E+01
  0.13725189E+01  0.43622766E+01
  0.13826413E+01  0.42892286E+01
  0.13927636E+01  0.42158440E+01
  0.14028860E+01  0.41421393E+01
  0.14130083E+01  0.40681301E+01
  0.14231307E+01  0.39938315E+01
  0.14332530E+01  0.39192581E+01
  0.14433754E+01  0.38444245E+01
  0.14534977E+01  0.37693452E+01
  0.14636201E+01  0.36940352E+01
  0.14737424E+01  0.36185095E+01
  0.14838648E+01  0.35427838E+01
  0.14939871E+01  0.34668744E+01
  0.15041095E+01  0.33907978E+01
  0.15142318E+01  0.33145714E+01
  0.15243542E+01  0.32382131E+01
  0.15344765E+01  0.31617411E+01
  0.15445989E+01  0.30851744E+01
  0.15547212E+01  0.30085318E+01
  0.15648436E+01  0.29318329E+01
  0.15749659E+01  0.28550971E+01
  0.15850883E+01  0.27783436E+01
  0.15952106E+01  0.27015917E+01
  0.16053330E+01  0.26248600E+01
  0.16154553E+01  0.25481666E+01
  0.16255777E+01  0.24715291E+01
  0.16357000E+01  0.23949638E+01
  0.16458224E+01  0.23184861E+01
  0.16559447E+01  0.22421100E+01
  0.16660671E+01  0.21658483E+01
  0.16761894E+01  0.20897121E+01
  0.16863118E+01  0.20137107E+01
  0.16964341E+01  0.19378519E+01
  0.17065565E+01  0.18621414E+01
  0.17166788E+01  0.17865831E+01
  0.17268012E+01  0.17111789E+01
  0.17369235E+01  0.16359288E+01
  0.17470459E+01  0.15608308E+01
  0.17571682E+01  0.14858808E+01
  0.17672906E+01  0.14110730E+01
  0.17774129E+01  0.13363998E+01
  0.17875353E+01  0.12618518E+01
  0.17976576E+01  0.11874179E+01
  0.18077800E+01  0.11130858E+01
  0.18179023E+01  0.10388416E+01
  0.18280247E+01  0.96467018E+00
  0.18381470E+01  0.89055557E+00
  0.18482694E+01  0.81648080E+00
  0.18583917E+01  0.74242827E+00
  0.18685141E+01  0.66837986E+00
  0.18786364E+01  0.59431715E+00
  0.18887588E+01  0.52022158E+00
  0.18988811E+01  0.44607470E+00
  0.19090035E+01  0.37185830E+00
  0.19191258E+01  0.29755466E+00
  0.19292482E+01  0.22314671E+00
  0.19393705E+01  0.14861824E+00
  0.19494929E+01  0.73954073E-01
  0.19596152E+01 -0.85973468E-03
  0.19697376E+01 -0.75835717E-01
  0.19798599E+01 -0.15098483E+00
  0.19899823E+01 -0.22631625E+00
  0.20001046E+01 -0.30183728E+00
  0.20102270E+01 -0.37755311E+00
  0.20203493E+01 -0.45346674E+00
  0.20304717E+01 -0.52957881E+00
  0.20405940E+01 -0.60588749E+00
  0.20507164E+01 -0.68238836E+00
  0.20608387E+01 -0.75907434E+00
  0.20709611E+01 -0.83593559E+00
  0.20810834E+01 -0.91295944E+00
  0.20912058E+01 -0.99013038E+00
  0.21013281E+01 -0.10674300E+01
  0.21114505E+01 -0.11448370E+01
  0.21215728E+01 -0.12223271E+01
  0.21316952E+01 -0.12998734E+01
  0.21418175E+01 -0.13774460E+01
  0.21519399E+01 -0.14550125E+01
  0.21620622E+01 -0.15325376E+01
  0.21721846E+01 -0.16099837E+01
  0.21721846E+01 -0.16099837E+01
  0.21822226E+01 -0.16036332E+01
  0.21922607E+01 -0.15969518E+01
  0.22022988E+01 -0.15899354E+01
  0.22123369E+01 -0.15825799E+01
  0.22223749E+01 -0.15748812E+01
  0.22324130E+01 -0.15668343E+01
  0.22424511E+01 -0.15584330E+01
  0.22524891E+01 -0.15496696E+01
  0.22625272E+01 -0.15405345E+01
  0.22725653E+01 -0.15310166E+01
  0.22826034E+01 -0.15211025E+01
  0.22926414E+01 -0.15107775E+01
  0.23026795E+01 -0.15000255E+01
  0.23127176E+01 -0.14888291E+01
  0.23227556E+01 -0.14771707E+01
  0.23327937E+01 -0.14650322E+01
  0.23428318E+01 -0.14523962E+01
  0.23528699E+01 -0.14392460E+01
  0.23629079E+01 -0.14255662E+01
  0.23729460E+01 -0.14113431E+01
  0.23829841E+01 -0.13965648E+01
  0.23930222E+01 -0.13812218E+01
  0.24030602E+01 -0.13653062E+01
  0.24130983E+01 -0.13488126E+01
  0.24231364E+01 -0.13317373E+01
  0.24331744E+01 -0.13140783E+01
  0.24432125E+01 -0.12958351E+01
  0.24532506E+01 -0.12770082E+01
  0.24632887E+01 -0.12575989E+01
  0.24733267E+01 -0.12376088E+01
  0.24833648E+01 -0.12170398E+01
  0.24934029E+01 -0.11958931E+01
  0.25034410E+01 -0.11741697E+01
  0.25134790E+01 -0.11518697E+01
  0.25235171E+01 -0.11289922E+01
  0.25335552E+01 -0.11055350E+01
  0.25435932E+01 -0.10814948E+01
  0.25536313E+01 -0.10568670E+01
  0.25636694E+01 -0.10316453E+01
  0.25737075E+01 -0.10058225E+01
  0.25837455E+01 -0.97938986E+00
  0.25938659E+01 -0.95211309E+00
  0.26039862E+01 -0.92419504E+00
  0.26141066E+01 -0.89562338E+00
  0.26242269E+01 -0.86638492E+00
  0.26343473E+01 -0.83646573E+00
  0.26444676E+01 -0.80585137E+00
  0.26545880E+01 -0.77452699E+00
  0.26647083E+01 -0.74247757E+00
  0.26748287E+01 -0.70968807E+00
  0.26849490E+01 -0.67614364E+00
  0.26950694E+01 -0.64182979E+00
  0.27051897E+01 -0.60673258E+00
  0.27153101E+01 -0.57083882E+00
  0.27254305E+01 -0.53413626E+00
  0.27355508E+01 -0.49661381E+00
  0.27456712E+01 -0.45826168E+00
  0.27557915E+01 -0.41907161E+00
  0.27659119E+01 -0.37903705E+00
  0.27760322E+01 -0.33815329E+00
  0.27861526E+01 -0.29641770E+00
  0.27962729E+01 -0.25382979E+00
  0.28063933E+01 -0.21039133E+00
  0.28165136E+01 -0.16610649E+00
  0.28266340E+01 -0.12098178E+00
  0.28367543E+01 -0.75026124E-01
  0.28468747E+01 -0.28250769E-01
  0.28569950E+01  0.19330832E-01
  0.28671154E+01  0.67703177E-01
  0.28772357E+01  0.11684894E+00
  0.28873561E+01  0.16674927E+00
  0.28974764E+01  0.21738408E+00
  0.29075968E+01  0.26873247E+00
  0.29177171E+01  0.32077312E+00
  0.29278375E+01  0.37348470E+00
  0.29379578E+01  0.42684638E+00
  0.29480782E+01  0.48083823E+00
  0.29581985E+01  0.53544168E+00
  0.29683189E+01  0.59063991E+00
  0.29784392E+01  0.64641827E+00
  0.29885596E+01  0.70276454E+00
  0.29986799E+01  0.75966924E+00
  0.30088003E+01  0.81712579E+00
  0.30189206E+01  0.87513066E+00
  0.30290410E+01  0.93368343E+00
  0.30391614E+01  0.99278674E+00
  0.30492817E+01  0.10524462E+01
  0.30594021E+01  0.11126704E+01
  0.30695224E+01  0.11734705E+01
  0.30796428E+01  0.12348599E+01
  0.30897631E+01  0.12968546E+01
  0.30998835E+01  0.13594719E+01
  0.31100038E+01  0.14227310E+01
  0.31201242E+01  0.14866522E+01
  0.31302445E+01  0.15512564E+01
  0.31403649E+01  0.16165654E+01
  0.31504852E+01  0.16826010E+01
  0.31606056E+01  0.17493847E+01
  0.31707259E+01  0.18169379E+01
  0.31808463E+01  0.18852811E+01
  0.31909666E+01  0.19544340E+01
  0.32010870E+01  0.20244150E+01
  0.32112073E+01  0.20952412E+01
  0.32213277E+01  0.21669279E+01
  0.32314480E+01  0.22394887E+01
  0.32415684E+01  0.23129352E+01
  0.32516887E+01  0.23872767E+01
  0.32618091E+01  0.24625201E+01
  0.32719294E+01  0.25386695E+01
  0.32820498E+01  0.26157262E+01
  0.32921701E+01  0.26936885E+01
  0.33022905E+01  0.27725509E+01
  0.33124108E+01  0.28523043E+01
  0.33225312E+01  0.29329353E+01
  0.33326515E+01  0.30144260E+01
  0.33427719E+01  0.30967532E+01
  0.33528923E+01  0.31798883E+01
  0.33630126E+01  0.32637962E+01
  0.33731330E+01  0.33484352E+01
  0.33832533E+01  0.34337559E+01
  0.33933737E+01  0.35197006E+01
  0.34034940E+01  0.36062028E+01
  0.34136144E+01  0.36931860E+01
  0.34237347E+01  0.37805632E+01
  0.34338551E+01  0.38682362E+01
  0.34439754E+01  0.39560945E+01
  0.34540958E+01  0.40440151E+01
  0.34642161E+01  0.41318618E+01
  0.34743365E+01  0.42194847E+01
  0.34844568E+01  0.43067205E+01
  0.34945772E+01  0.43933931E+01
  0.35046975E+01  0.44793154E+01
  0.35148179E+01  0.45642918E+01
  0.35249382E+01  0.46481234E+01
  0.35350586E+01  0.47306159E+01
  0.35451789E+01  0.48115895E+01
  0.35552993E+01  0.48908919E+01
  0.35654196E+01  0.49684120E+01
  0.35755400E+01  0.50440907E+01
  0.35856603E+01  0.51179258E+01
  0.35957807E+01  0.51899674E+01
  0.36059010E+01  0.52603049E+01
  0.36160214E+01  0.53290471E+01
  0.36261417E+01  0.53963013E+01
  0.36362621E+01  0.54621555E+01
  0.36463824E+01  0.55266635E+01
  0.36565028E+01  0.55898366E+01
  0.36666232E+01  0.56516371E+01
  0.36767435E+01  0.57119750E+01
  0.36868639E+01  0.57707053E+01
  0.36969842E+01  0.58276267E+01
  0.37071046E+01  0.58824798E+01
  0.37172249E+01  0.59349467E+01
  0.37273453E+01  0.59846519E+01
  0.37374656E+01  0.60311651E+01
  0.37475860E+01  0.60740079E+01
  0.37577063E+01  0.61126647E+01
  0.37678267E+01  0.61465993E+01
  0.37779470E+01  0.61752779E+01
  0.37880674E+01  0.61981976E+01
  0.37981877E+01  0.62149186E+01
  0.38083081E+01  0.62250970E+01
  0.38184284E+01  0.62285135E+01

  0.00000000E+00  0.50150958E+01
  0.10081144E-01  0.50154049E+01
  0.20162287E-01  0.50163039E+01
  0.30243431E-01  0.50177895E+01
  0.40324575E-01  0.50198563E+01
  0.50405718E-01  0.50224970E+01
  0.60486862E-01  0.50257022E+01
  0.70568006E-01  0.50294605E+01
  0.80649149E-01  0.50337587E+01
  0.90730293E-01  0.50385820E+01
  0.10081144E+00  0.50439136E+01
  0.11089258E+00  0.50497354E+01
  0.12097372E+00  0.50560277E+01
  0.13105487E+00  0.50627699E+01
  0.14113601E+00  0.50699397E+01
  0.15121715E+00  0.50775145E+01
  0.16129830E+00  0.50854703E+01
  0.17137944E+00  0.50937830E+01
  0.18146059E+00  0.51024280E+01
  0.19154173E+00  0.51113804E+01
  0.20162287E+00  0.51206155E+01
  0.21170402E+00  0.51301088E+01
  0.22178516E+00  0.51398363E+01
  0.23186630E+00  0.51497747E+01
  0.24194745E+00  0.51599015E+01
  0.25202859E+00  0.51701956E+01
  0.26210973E+00  0.51806369E+01
  0.27219088E+00  0.51912070E+01
  0.28227202E+00  0.52018892E+01
  0.29235317E+00  0.52126686E+01
  0.30243431E+00  0.52235323E+01
  0.31251545E+00  0.52344695E+01
  0.32259660E+00  0.52454718E+01
  0.33267774E+00  0.52565329E+01
  0.34275888E+00  0.52676490E+01
  0.35284003E+00  0.52788186E+01
  0.36292117E+00  0.52900425E+01
  0.37300231E+00  0.53013241E+01
  0.38308346E+00  0.53126689E+01
  0.39316460E+00  0.53240847E+01
  0.40324575E+00  0.53355812E+01
  0.41332689E+00  0.53471703E+01
  0.42340803E+00  0.53588654E+01
  0.43348918E+00  0.53706817E+01
  0.44357032E+00  0.53826356E+01
  0.45365146E+00  0.53947445E+01
  0.46373261E+00  0.54070270E+01
  0.47381375E+00  0.54195019E+01
  0.48389489E+00  0.54321884E+01
  0.49397604E+00  0.54451058E+01
  0.50405718E+00  0.54582728E+01
  0.51413833E+00  0.54692624E+01
  0.52421947E+00  0.54805611E+01
  0.53430061E+00  0.54922014E+01
  0.54438176E+00  0.55042145E+01
  0.55446290E+00  0.55166295E+01
  0.56454404E+00  0.55294734E+01
  0.57462519E+00  0.55427705E+01
  0.58470633E+00  0.55565421E+01
  0.59478747E+00  0.55708064E+01
  0.60486862E+00  0.55855779E+01
  0.61494976E+00  0.56008674E+01
  0.62503091E+00  0.56166816E+01
  0.63511205E+00  0.56330231E+01
  0.64519319E+00  0.56498898E+01
  0.65527434E+00  0.56672751E+01
  0.66535548E+00  0.56851677E+01
  0.67543662E+00  0.57035512E+01
  0.68551777E+00  0.57224044E+01
  0.69559891E+00  0.57417011E+01
  0.70568006E+00  0.57614101E+01
  0.71576120E+00  0.57814950E+01
  0.72584234E+00  0.58019146E+01
  0.73592349E+00  0.58226225E+01
  0.74600463E+00  0.58435678E+01
  0.75608577E+00  0.58646945E+01
  0.76616692E+00  0.58859423E+01
  0.77624806E+00  0.59072463E+01
  0.78632920E+00  0.59285376E+01
  0.79641035E+00  0.59497433E+01
  0.80649149E+00  0.59707868E+01
  0.81657264E+00  0.59915882E+01
  0.82665378E+00  0.60120647E+01
  0.83673492E+00  0.60321310E+01
  0.84681607E+00  0.60516997E+01
  0.85689721E+00  0.60706821E+01
  0.86697835E+00  0.60889884E+01
  0.87705950E+00  0.61065285E+01
  0.88714064E+00  0.61232130E+01
  0.89722178E+00  0.61389535E+01
  0.90730293E+00  0.61536641E+01
  0.91738407E+00  0.61672614E+01
  0.92746522E+00  0.61796662E+01
  0.93754636E+00  0.61908043E+01
  0.94762750E+00  0.62006071E+01
  0.95770865E+00  0.62090130E+01
  0.96778979E+00  0.62159680E+01
  0.97787093E+00  0.62214266E+01
  0.98795208E+00  0.62253528E+01
  0.99803322E+00  0.62277203E+01
  0.10081144E+01  0.62285135E+01
  0.10182367E+01  0.62269215E+01
  0.10283591E+01  0.62221753E+01
  0.10384814E+01  0.62143298E+01
  0.10486038E+01  0.62034742E+01
  0.10587261E+01  0.61897279E+01
  0.10688485E+01  0.61732364E+01
  0.10789708E+01  0.61541662E+01
  0.10890932E+01  0.61326990E+01
  0.10992155E+01  0.61090265E+01
  0.11093379E+01  0.60833453E+01
  0.11194602E+01  0.60558526E+01
  0.11295826E+01  0.60267419E+01
  0.11397049E+01  0.59961999E+01
  0.11498273E+01  0.59644043E+01
  0.11599496E+01  0.59315214E+01
  0.11700720E+01  0.58977050E+01
  0.11801943E+01  0.58630956E+01
  0.11903167E+01  0.58278186E+01
  0.12004390E+01  0.57900550E+01
  0.12105614E+01  0.57502770E+01
  0.12206837E+01  0.57096519E+01
  0.12308061E+01  0.56682824E+01
  0.12409284E+01  0.56262669E+01
  0.12510508E+01  0.55837008E+01
  0.12611731E+01  0.55406760E+01
  0.12712955E+01  0.54972815E+01
  0.12814178E+01  0.54536034E+01
  0.12915402E+01  0.54097253E+01
  0.13016625E+01  0.53657278E+01
  0.13117849E+01  0.53216890E+01
  0.13219072E+01  0.52776843E+01
  0.13320296E+01  0.52337865E+01
  0.13421519E+01  0.51900658E+01
  0.13522742E+01  0.51465894E+01
  0.13623966E+01  0.51034220E+01
  0.13725189E+01  0.50606250E+01
  0.13826413E+01  0.50182570E+01
  0.13927636E+01  0.49763732E+01
  0.14028860E+01  0.49350255E+01
  0.14130083E+01  0.48942625E+01
  0.14231307E+01  0.48541288E+01
  0.14332530E+01  0.48146655E+01
  0.14433754E+01  0.47759095E+01
  0.14534977E+01  0.47378937E+01
  0.14636201E+01  0.47006469E+01
  0.14737424E+01  0.46641932E+01
  0.14838648E+01  0.46285528E+01
  0.14939871E+01  0.45937407E+01
  0.15041095E+01  0.45597679E+01
  0.15142318E+01  0.45266403E+01
  0.15243542E+01  0.44943596E+01
  0.15344765E+01  0.44629224E+01
  0.15445989E+01  0.44323212E+01
  0.15547212E+01  0.44025438E+01
  0.15648436E+01  0.43735737E+01
  0.15749659E+01  0.43453903E+01
  0.15850883E+01  0.43179690E+01
  0.15952106E+01  0.42853081E+01
  0.16053330E+01  0.42471552E+01
  0.16154553E+01  0.42094458E+01
  0.16255777E+01  0.41722288E+01
  0.16357000E+01  0.41355524E+01
  0.16458224E+01  0.40994636E+01
  0.16559447E+01  0.40640080E+01
  0.16660671E+01  0.40292292E+01
  0.16761894E+01  0.39951689E+01
  0.16863118E+01  0.39618663E+01
  0.16964341E+01  0.39293583E+01
  0.17065565E+01  0.38976789E+01
  0.17166788E+01  0.38668590E+01
  0.17268012E+01  0.38369268E+01
  0.17369235E+01  0.38079068E+01
  0.17470459E+01  0.37798206E+01
  0.17571682E+01  0.37526860E+01
  0.17672906E+01  0.37265175E+01
  0.17774129E+01  0.37013260E+01
  0.17875353E+01  0.36771189E+01
  0.17976576E+01  0.36538999E+01
  0.18077800E+01  0.36316694E+01
  0.18179023E+01  0.36104241E+01
  0.18280247E+01  0.35901578E+01
  0.18381470E+01  0.35708606E+01
  0.18482694E+01  0.35525198E+01
  0.18583917E+01  0.35351197E+01
  0.18685141E+01  0.35186421E+01
  0.18786364E+01  0.35030662E+01
  0.18887588E+01  0.34883689E+01
  0.18988811E+01  0.34745253E+01
  0.19090035E+01  0.34615089E+01
  0.19191258E+01  0.34492917E+01
  0.19292482E+01  0.34378446E+01
  0.19393705E+01  0.34271379E+01
  0.19494929E+01  0.34171414E+01
  0.19596152E+01  0.34078247E+01
  0.19697376E+01  0.33991577E+01
  0.19798599E+01  0.33911105E+01
  0.19899823E+01  0.33836541E+01
  0.20001046E+01  0.33767603E+01
  0.20102270E+01  0.33704021E+01
  0.20203493E+01  0.33645538E+01
  0.20304717E+01  0.33591911E+01
  0.20405940E+01  0.33542914E+01
  0.20507164E+01  0.33498338E+01
  0.20608387E+01  0.33457990E+01
  0.20709611E+01  0.33421695E+01
  0.20810834E+01  0.33389298E+01
  0.20912058E+01  0.33360657E+01
  0.21013281E+01  0.33335652E+01
  0.21114505E+01  0.33314176E+01
  0.21215728E+01  0.33296140E+01
  0.21316952E+01  0.33281470E+01
  0.21418175E+01  0.33270105E+01
  0.21519399E+01  0.33262001E+01
  0.21620622E+01  0.33257124E+01
  0.21721846E+01  0.33255456E+01
  0.21721846E+01  0.33255456E+01
  0.21822226E+01  0.33232568E+01
  0.21922607E+01  0.33164194E+01
  0.22022988E+01  0.33051477E+01
  0.22123369E+01  0.32896241E+01
  0.22223749E+01  0.32700885E+01
  0.22324130E+01  0.32468254E+01
  0.22424511E+01  0.32201495E+01
  0.22524891E+01  0.31903923E+01
  0.22625272E+01  0.31578903E+01
  0.22725653E+01  0.31229744E+01
  0.22826034E+01  0.30859625E+01
  0.22926414E+01  0.30471538E+01
  0.23026795E+01  0.30068256E+01
  0.23127176E+01  0.29652313E+01
  0.23227556E+01  0.29226001E+01
  0.23327937E+01  0.28791380E+01
  0.23428318E+01  0.28350288E+01
  0.23528699E+01  0.27904360E+01
  0.23629079E+01  0.27455051E+01
  0.23729460E+01  0.27003658E+01
  0.23829841E+01  0.26551344E+01
  0.23930222E+01  0.26099154E+01
  0.24030602E+01  0.25648046E+01
  0.24130983E+01  0.25198899E+01
  0.24231364E+01  0.24752541E+01
  0.24331744E+01  0.24309759E+01
  0.24432125E+01  0.23871313E+01
  0.24532506E+01  0.23437952E+01
  0.24632887E+01  0.23010420E+01
  0.24733267E+01  0.22589468E+01
  0.24833648E+01  0.22175856E+01
  0.24934029E+01  0.21770363E+01
  0.25034410E+01  0.21373784E+01
  0.25134790E+01  0.20986937E+01
  0.25235171E+01  0.20610655E+01
  0.25335552E+01  0.20245792E+01
  0.25435932E+01  0.19893211E+01
  0.25536313E+01  0.19553785E+01
  0.25636694E+01  0.19228389E+01
  0.25737075E+01  0.18917891E+01
  0.25837455E+01  0.18623148E+01
  0.25938659E+01  0.18342787E+01
  0.26039862E+01  0.18080118E+01
  0.26141066E+01  0.17835931E+01
  0.26242269E+01  0.17610973E+01
  0.26343473E+01  0.17405938E+01
  0.26444676E+01  0.17221464E+01
  0.26545880E+01  0.17058125E+01
  0.26647083E+01  0.16916431E+01
  0.26748287E+01  0.16796823E+01
  0.26849490E+01  0.16699671E+01
  0.26950694E+01  0.16625273E+01
  0.27051897E+01  0.16573860E+01
  0.27153101E+01  0.16545589E+01
  0.27254305E+01  0.16540553E+01
  0.27355508E+01  0.16558777E+01
  0.27456712E+01  0.16600225E+01
  0.27557915E+01  0.16664801E+01
  0.27659119E+01  0.16752351E+01
  0.27760322E+01  0.16862668E+01
  0.27861526E+01  0.16995495E+01
  0.27962729E+01  0.17150523E+01
  0.28063933E+01  0.17327400E+01
  0.28165136E+01  0.17525727E+01
  0.28266340E+01  0.17745061E+01
  0.28367543E+01  0.17984919E+01
  0.28468747E+01  0.18244773E+01
  0.28569950E+01  0.18524053E+01
  0.28671154E+01  0.18822148E+01
  0.28772357E+01  0.19138403E+01
  0.28873561E+01  0.19472119E+01
  0.28974764E+01  0.19822553E+01
  0.29075968E+01  0.20188917E+01
  0.29177171E+01  0.20570377E+01
  0.29278375E+01  0.20966053E+01
  0.29379578E+01  0.21375025E+01
  0.29480782E+01  0.21796325E+01
  0.29581985E+01  0.22228950E+01
  0.29683189E+01  0.22671858E+01
  0.29784392E+01  0.23123978E+01
  0.29885596E+01  0.23584212E+01
  0.29986799E+01  0.24051448E+01
  0.30088003E+01  0.24524563E+01
  0.30189206E+01  0.25002437E+01
  0.30290410E+01  0.25483962E+01
  0.30391614E+01  0.25968054E+01
  0.30492817E+01  0.26453665E+01
  0.30594021E+01  0.26939796E+01
  0.30695224E+01  0.27425507E+01
  0.30796428E+01  0.27909933E+01
  0.30897631E+01  0.28392290E+01
  0.30998835E+01  0.28871889E+01
  0.31100038E+01  0.29348142E+01
  0.31201242E+01  0.29820572E+01
  0.31302445E+01  0.30288814E+01
  0.31403649E+01  0.30752624E+01
  0.31504852E+01  0.31211875E+01
  0.31606056E+01  0.31666561E+01
  0.31707259E+01  0.32116791E+01
  0.31808463E+01  0.32562786E+01
  0.31909666E+01  0.33004872E+01
  0.32010870E+01  0.33443474E+01
  0.32112073E+01  0.33879104E+01
  0.32213277E+01  0.34312351E+01
  0.32314480E+01  0.34743871E+01
  0.32415684E+01  0.35174373E+01
  0.32516887E+01  0.35604608E+01
  0.32618091E+01  0.36035352E+01
  0.32719294E+01  0.36467400E+01
  0.32820498E+01  0.36901546E+01
  0.32921701E+01  0.37338577E+01
  0.33022905E+01  0.37779257E+01
  0.33124108E+01  0.38224320E+01
  0.33225312E+01  0.38674459E+01
  0.33326515E+01  0.39130317E+01
  0.33427719E+01  0.39592484E+01
  0.33528923E+01  0.40061488E+01
  0.33630126E+01  0.40537793E+01
  0.33731330E+01  0.41021797E+01
  0.33832533E+01  0.41513834E+01
  0.33933737E+01  0.42014173E+01
  0.34034940E+01  0.42523021E+01
  0.34136144E+01  0.43040532E+01
  0.34237347E+01  0.43566811E+01
  0.34338551E+01  0.44101922E+01
  0.34439754E+01  0.44645897E+01
  0.34540958E+01  0.45198748E+01
  0.34642161E+01  0.45760476E+01
  0.34743365E+01  0.46331081E+01
  0.34844568E+01  0.46910567E+01
  0.34945772E+01  0.47498946E+01
  0.35046975E+01  0.48096231E+01
  0.35148179E+01  0.48702415E+01
  0.35249382E+01  0.49317435E+01
  0.35350586E+01  0.49941102E+01
  0.35451789E+01  0.50573010E+01
  0.35552993E+01  0.51212416E+01
  0.35654196E+01  0.51858113E+01
  0.35755400E+01  0.52508321E+01
  0.35856603E+01  0.53160652E+01
  0.35957807E+01  0.53812145E+01
  0.36059010E+01  0.54459403E+01
  0.36160214E+01  0.55098778E+01
  0.36261417E+01  0.55726570E+01
  0.36362621E+01  0.56339193E+01
  0.36463824E+01  0.56933292E+01
  0.36565028E+01  0.57505809E+01
  0.36666232E+01  0.58054007E+01
  0.36767435E+01  0.58575468E+01
  0.36868639E+01  0.59068077E+01
  0.36969842E+01  0.59529997E+01
  0.37071046E+01  0.59959642E+01
  0.37172249E+01  0.60355653E+01
  0.37273453E+01  0.60716868E+01
  0.37374656E+01  0.61042309E+01
  0.37475860E+01  0.61331152E+01
  0.37577063E+01  0.61582717E+01
  0.37678267E+01  0.61796445E+01
  0.37779470E+01  0.61971890E+01
  0.37880674E+01  0.62108703E+01
  0.37981877E+01  0.62206623E+01
  0.38083081E+01  0.62265469E+01
  0.38184284E+01  0.62285135E+01

  0.00000000E+00  0.50150958E+01
  0.10081144E-01  0.50154790E+01
  0.20162287E-01  0.50166298E+01
  0.30243431E-01  0.50185421E+01
  0.40324575E-01  0.50212055E+01
  0.50405718E-01  0.50246057E+01
  0.60486862E-01  0.50287248E+01
  0.70568006E-01  0.50335409E+01
  0.80649149E-01  0.50390288E+01
  0.90730293E-01  0.50451600E+01
  0.10081144E+00  0.50519031E+01
  0.11089258E+00  0.50592239E+01
  0.12097372E+00  0.50670862E+01
  0.13105487E+00  0.50754513E+01
  0.14113601E+00  0.50842793E+01
  0.15121715E+00  0.50935287E+01
  0.16129830E+00  0.51031573E+01
  0.17137944E+00  0.51131224E+01
  0.18146059E+00  0.51233812E+01
  0.19154173E+00  0.51338909E+01
  0.20162287E+00  0.51446099E+01
  0.21170402E+00  0.51554971E+01
  0.22178516E+00  0.51665134E+01
  0.23186630E+00  0.51776209E+01
  0.24194745E+00  0.51887842E+01
  0.25202859E+00  0.51999703E+01
  0.26210973E+00  0.52111486E+01
  0.27219088E+00  0.52222918E+01
  0.28227202E+00  0.52333756E+01
  0.29235317E+00  0.52443792E+01
  0.30243431E+00  0.52552852E+01
  0.31251545E+00  0.52660801E+01
  0.32259660E+00  0.52767540E+01
  0.33267774E+00  0.52873007E+01
  0.34275888E+00  0.52977183E+01
  0.35284003E+00  0.53080082E+01
  0.36292117E+00  0.53181758E+01
  0.37300231E+00  0.53282302E+01
  0.38308346E+00  0.53381840E+01
  0.39316460E+00  0.53480532E+01
  0.40324575E+00  0.53578570E+01
  0.41332689E+00  0.53676175E+01
  0.42340803E+00  0.53773596E+01
  0.43348918E+00  0.53871105E+01
  0.44357032E+00  0.53968997E+01
  0.45365146E+00  0.54067585E+01
  0.46373261E+00  0.54167196E+01
  0.47381375E+00  0.54268169E+01
  0.48389489E+00  0.54370848E+01
  0.49397604E+00  0.54475585E+01
  0.50405718E+00  0.54582728E+01
  0.51413833E+00  0.54717080E+01
  0.52421947E+00  0.54854286E+01
  0.53430061E+00  0.54994508E+01
  0.54438176E+00  0.55137896E+01
  0.55446290E+00  0.55284579E+01
  0.56454404E+00  0.55434670E+01
  0.57462519E+00  0.55588259E+01
  0.58470633E+00  0.55745412E+01
  0.59478747E+00  0.55906172E+01
  0.60486862E+00  0.56070555E+01
  0.61494976E+00  0.56238549E+01
  0.62503091E+00  0.56410114E+01
  0.63511205E+00  0.56585181E+01
  0.64519319E+00  0.56763654E+01
  0.65527434E+00  0.56945405E+01
  0.66535548E+00  0.57130278E+01
  0.67543662E+00  0.57318088E+01
  0.68551777E+00  0.57508620E+01
  0.69559891E+00  0.57701632E+01
  0.70568006E+00  0.57896850E+01
  0.71576120E+00  0.58093976E+01
  0.72584234E+00  0.58292681E+01
  0.73592349E+00  0.58492606E+01
  0.74600463E+00  0.58693366E+01
  0.75608577E+00  0.58894544E+01
  0.76616692E+00  0.59095695E+01
  0.77624806E+00  0.59296343E+01
  0.78632920E+00  0.59495980E+01
  0.79641035E+00  0.59694066E+01
  0.80649149E+00  0.59890030E+01
  0.81657264E+00  0.60083267E+01
  0.82665378E+00  0.60273140E+01
  0.83673492E+00  0.60458981E+01
  0.84681607E+00  0.60640089E+01
  0.85689721E+00  0.60815738E+01
  0.86697835E+00  0.60985174E+01
  0.87705950E+00  0.61147626E+01
  0.88714064E+00  0.61302304E+01
  0.89722178E+00  0.61448415E+01
  0.90730293E+00  0.61585162E+01
  0.91738407E+00  0.61711762E+01
  0.92746522E+00  0.61827450E+01
  0.93754636E+00  0.61931497E+01
  0.94762750E+00  0.62023216E+01
  0.95770865E+00  0.62101983E+01
  0.96778979E+00  0.62167240E+01
  0.97787093E+00  0.62218513E+01
  0.98795208E+00  0.62255422E+01
  0.99803322E+00  0.62277688E+01
  0.10081144E+01  0.62285135E+01
  0.10182367E+01  0.62270544E+01
  0.10283591E+01  0.62227008E+01
  0.10384814E+01  0.62154851E+01
  0.10486038E+01  0.62054602E+01
  0.10587261E+01  0.61926973E+01
  0.10688485E+01  0.61772841E+01
  0.10789708E+01  0.61593222E+01
  0.10890932E+01  0.61389239E+01
  0.10992155E+01  0.61162102E+01
  0.11093379E+01  0.60913077E+01
  0.11194602E+01  0.60643465E+01
  0.11295826E+01  0.60354585E+01
  0.11397049E+01  0.60047751E+01
  0.11498273E+01  0.59724264E+01
  0.11599496E+01  0.59385402E+01
  0.11700720E+01  0.59032411E+01
  0.11801943E+01  0.58666502E+01
  0.11903167E+01  0.58288864E+01
  0.12004390E+01  0.57919947E+01
  0.12105614E+01  0.57557120E+01
  0.12206837E+01  0.57190627E+01
  0.12308061E+01  0.56821197E+01
  0.12409284E+01  0.56449446E+01
  0.12510508E+01  0.56075878E+01
  0.12611731E+01  0.55700897E+01
  0.12712955E+01  0.55324810E+01
  0.12814178E+01  0.54947841E+01
  0.12915402E+01  0.54570139E+01
  0.13016625E+01  0.54191786E+01
  0.13117849E+01  0.53812809E+01
  0.13219072E+01  0.53433188E+01
  0.13320296E+01  0.53052866E+01
  0.13421519E+01  0.52671757E+01
  0.13522742E+01  0.52289756E+01
  0.13623966E+01  0.51906747E+01
  0.13725189E+01  0.51522611E+01
  0.13826413E+01  0.51137235E+01
  0.13927636E+01  0.50750516E+01
  0.14028860E+01  0.50362370E+01
  0.14130083E+01  0.49972739E+01
  0.14231307E+01  0.49581591E+01
  0.14332530E+01  0.49188931E+01
  0.14433754E+01  0.48794797E+01
  0.14534977E+01  0.48399268E+01
  0.14636201E+01  0.48002465E+01
  0.14737424E+01  0.47604550E+01
  0.14838648E+01  0.47205725E+01
  0.14939871E+01  0.46806235E+01
  0.15041095E+01  0.46406364E+01
  0.15142318E+01  0.46006432E+01
  0.15243542E+01  0.45606796E+01
  0.15344765E+01  0.45207841E+01
  0.15445989E+01  0.44809983E+01
  0.15547212E+01  0.44413659E+01
  0.15648436E+01  0.44019328E+01
  0.15749659E+01  0.43627463E+01
  0.15850883E+01  0.43238550E+01
  0.15952106E+01  0.42912815E+01
  0.16053330E+01  0.42652963E+01
  0.16154553E+01  0.42399786E+01
  0.16255777E+01  0.42152909E+01
  0.16357000E+01  0.41911935E+01
  0.16458224E+01  0.41676448E+01
  0.16559447E+01  0.41446018E+01
  0.16660671E+01  0.41220205E+01
  0.16761894E+01  0.40998563E+01
  0.16863118E+01  0.40780650E+01
  0.16964341E+01  0.40566028E+01
  0.17065565E+01  0.40354267E+01
  0.17166788E+01  0.40144958E+01
  0.17268012E+01  0.39937706E+01
  0.17369235E+01  0.39732147E+01
  0.17470459E+01  0.39527943E+01
  0.17571682E+01  0.39324789E+01
  0.17672906E+01  0.39122417E+01
  0.17774129E+01  0.38920600E+01
  0.17875353E+01  0.38719151E+01
  0.17976576E+01  0.38517931E+01
  0.18077800E+01  0.38316844E+01
  0.18179023E+01  0.38115841E+01
  0.18280247E+01  0.37914922E+01
  0.18381470E+01  0.37714135E+01
  0.18482694E+01  0.37513572E+01
  0.18583917E+01  0.37313373E+01
  0.18685141E+01  0.37113721E+01
  0.18786364E+01  0.36914844E+01
  0.18887588E+01  0.36717006E+01
  0.18988811E+01  0.36520511E+01
  0.19090035E+01  0.36325695E+01
  0.19191258E+01  0.36132929E+01
  0.19292482E+01  0.35942606E+01
  0.19393705E+01  0.35755148E+01
  0.19494929E+01  0.35570992E+01
  0.19596152E+01  0.35390597E+01
  0.19697376E+01  0.35214429E+01
  0.19798599E+01  0.35042965E+01
  0.19899823E+01  0.34876687E+01
  0.20001046E+01  0.34716076E+01
  0.20102270E+01  0.34561612E+01
  0.20203493E+01  0.34413766E+01
  0.20304717E+01  0.34273002E+01
  0.20405940E+01  0.34139768E+01
  0.20507164E+01  0.34014496E+01
  0.20608387E+01  0.33897599E+01
  0.20709611E+01  0.33789467E+01
  0.20810834E+01  0.33690464E+01
  0.20912058E+01  0.33600930E+01
  0.21013281E+01  0.33521172E+01
  0.21114505E+01  0.33451467E+01
  0.21215728E+01  0.33392057E+01
  0.21316952E+01  0.33343151E+01
  0.21418175E+01  0.33304923E+01
  0.21519399E+01  0.33277505E+01
  0.21620622E+01  0.33260997E+01
  0.21721846E+01  0.33255456E+01
  0.21721846E+01  0.33255456E+01
  0.21822226E+01  0.33257985E+01
  0.21922607E+01  0.33265565E+01
  0.22022988E+01  0.33278192E+01
  0.22123369E+01  0.33295862E+01
  0.22223749E+01  0.33318569E+01
  0.22324130E+01  0.33346302E+01
  0.22424511E+01  0.33379052E+01
  0.22524891E+01  0.33416806E+01
  0.22625272E+01  0.33459547E+01
  0.22725653E+01  0.33507261E+01
  0.22826034E+01  0.33559928E+01
  0.22926414E+01  0.33617526E+01
  0.23026795E+01  0.33680035E+01
  0.23127176E+01  0.33747429E+01
  0.23227556E+01  0.33819681E+01
  0.23327937E+01  0.33896765E+01
  0.23428318E+01  0.33978650E+01
  0.23528699E+01  0.34065307E+01
  0.23629079E+01  0.34156703E+01
  0.23729460E+01  0.34252807E+01
  0.23829841E+01  0.34353584E+01
  0.23930222E+01  0.34459002E+01
  0.24030602E+01  0.34569027E+01
  0.24130983E+01  0.34683627E+01
  0.24231364E+01  0.34802769E+01
  0.24331744E+01  0.34926424E+01
  0.24432125E+01  0.35054562E+01
  0.24532506E+01  0.35187158E+01
  0.24632887E+01  0.35324187E+01
  0.24733267E+01  0.35465629E+01
  0.24833648E+01  0.35611468E+01
  0.24934029E+01  0.35761690E+01
  0.25034410E+01  0.35916288E+01
  0.25134790E+01  0.36075259E+01
  0.25235171E+01  0.36238604E+01
  0.25335552E+01  0.36406330E+01
  0.25435932E+01  0.36578452E+01
  0.25536313E+01  0.36754986E+01
  0.25636694E+01  0.36935958E+01
  0.25737075E+01  0.37121396E+01
  0.25837455E+01  0.37311334E+01
  0.25938659E+01  0.37507424E+01
  0.26039862E+01  0.37708172E+01
  0.26141066E+01  0.37913623E+01
  0.26242269E+01  0.38123829E+01
  0.26343473E+01  0.38338838E+01
  0.26444676E+01  0.38558702E+01
  0.26545880E+01  0.38783470E+01
  0.26647083E+01  0.39013189E+01
  0.26748287E+01  0.39247901E+01
  0.26849490E+01  0.39487643E+01
  0.26950694E+01  0.39732443E+01
  0.27051897E+01  0.39982323E+01
  0.27153101E+01  0.40237291E+01
  0.27254305E+01  0.40497344E+01
  0.27355508E+01  0.40762465E+01
  0.27456712E+01  0.41032621E+01
  0.27557915E+01  0.41307761E+01
  0.27659119E+01  0.41587817E+01
  0.27760322E+01  0.41872701E+01
  0.27861526E+01  0.42162305E+01
  0.27962729E+01  0.42456498E+01
  0.28063933E+01  0.42755128E+01
  0.28165136E+01  0.43058023E+01
  0.28266340E+01  0.43364985E+01
  0.28367543E+01  0.43675797E+01
  0.28468747E+01  0.43990218E+01
  0.28569950E+01  0.44307986E+01
  0.28671154E+01  0.44628819E+01
  0.28772357E+01  0.44952417E+01
  0.28873561E+01  0.45278460E+01
  0.28974764E+01  0.45606611E+01
  0.29075968E+01  0.45936521E+01
  0.29177171E+01  0.46267825E+01
  0.29278375E+01  0.46600147E+01
  0.29379578E+01  0.46933104E+01
  0.29480782E+01  0.47266303E+01
  0.29581985E+01  0.47599350E+01
  0.29683189E+01  0.47931846E+01
  0.29784392E+01  0.48263393E+01
  0.29885596E+01  0.48593595E+01
  0.29986799E+01  0.48922061E+01
  0.30088003E+01  0.49248408E+01
  0.30189206E+01  0.49572259E+01
  0.30290410E+01  0.49893254E+01
  0.30391614E+01  0.50211041E+01
  0.30492817E+01  0.50525287E+01
  0.30594021E+01  0.50835676E+01
  0.30695224E+01  0.51141910E+01
  0.30796428E+01  0.51443713E+01
  0.30897631E+01  0.51740830E+01
  0.30998835E+01  0.52033030E+01
  0.31100038E+01  0.52320106E+01
  0.31201242E+01  0.52601877E+01
  0.31302445E+01  0.52878186E+01
  0.31403649E+01  0.53148905E+01
  0.31504852E+01  0.53413931E+01
  0.31606056E+01  0.53673187E+01
  0.31707259E+01  0.53926624E+01
  0.31808463E+01  0.54174219E+01
  0.31909666E+01  0.54415974E+01
  0.32010870E+01  0.54651916E+01
  0.32112073E+01  0.54882096E+01
  0.32213277E+01  0.55106589E+01
  0.32314480E+01  0.55325491E+01
  0.32415684E+01  0.55538918E+01
  0.32516887E+01  0.55747006E+01
  0.32618091E+01  0.55949907E+01
  0.32719294E+01  0.56147788E+01
  0.32820498E+01  0.56340831E+01
  0.32921701E+01  0.56529229E+01
  0.33022905E+01  0.56713183E+01
  0.33124108E+01  0.56892903E+01
  0.33225312E+01  0.57068602E+01
  0.33326515E+01  0.57240498E+01
  0.33427719E+01  0.57408809E+01
  0.33528923E+01  0.57573749E+01
  0.33630126E+01  0.57735532E+01
  0.33731330E+01  0.57894363E+01
  0.33832533E+01  0.58050441E+01
  0.33933737E+01  0.58203952E+01
  0.34034940E+01  0.58355073E+01
  0.34136144E+01  0.58503967E+01
  0.34237347E+01  0.58650779E+01
  0.34338551E+01  0.58795641E+01
  0.34439754E+01  0.58938663E+01
  0.34540958E+01  0.59079938E+01
  0.34642161E+01  0.59219539E+01
  0.34743365E+01  0.59357515E+01
  0.34844568E+01  0.59493897E+01
  0.34945772E+01  0.59628692E+01
  0.35046975E+01  0.59761885E+01
  0.35148179E+01  0.59893438E+01
  0.35249382E+01  0.60023293E+01
  0.35350586E+01  0.60151370E+01
  0.35451789E+01  0.60277568E+01
  0.35552993E+01  0.60401765E+01
  0.35654196E+01  0.60523823E+01
  0.35755400E+01  0.60643583E+01
  0.35856603E+01  0.60760873E+01
  0.35957807E+01  0.60875504E+01
  0.36059010E+01  0.60987276E+01
  0.36160214E+01  0.61095976E+01
  0.36261417E+01  0.61201383E+01
  0.36362621E+01  0.61303267E+01
  0.36463824E+01  0.61401396E+01
  0.36565028E+01  0.61495533E+01
  0.36666232E+01  0.61585438E+01
  0.36767435E+01  0.61670875E+01
  0.36868639E+01  0.61751611E+01
  0.36969842E+01  0.61827418E+01
  0.37071046E+01  0.61898074E+01
  0.37172249E+01  0.61963368E+01
  0.37273453E+01  0.62023101E+01
  0.37374656E+01  0.62077086E+01
  0.37475860E+01  0.62125150E+01
  0.37577063E+01  0.62167138E+01
  0.37678267E+01  0.62202912E+01
  0.37779470E+01  0.62232353E+01
  0.37880674E+01  0.62255363E+01
  0.37981877E+01  0.62271863E+01
  0.38083081E+01  0.62281799E+01
  0.38184284E+01  0.62285135E+01

  0.00000000E+00  0.77906701E+01
  0.10081144E-01  0.77910718E+01
  0.20162287E-01  0.77922769E+01
  0.30243431E-01  0.77942802E+01
  0.40324575E-01  0.77970735E+01
  0.50405718E-01  0.78006452E+01
  0.60486862E-01  0.78049807E+01
  0.70568006E-01  0.78100622E+01
  0.80649149E-01  0.78158692E+01
  0.90730293E-01  0.78223785E+01
  0.10081144E+00  0.78295645E+01
  0.11089258E+00  0.78373992E+01
  0.12097372E+00  0.78458526E+01
  0.13105487E+00  0.78548930E+01
  0.14113601E+00  0.78644871E+01
  0.15121715E+00  0.78746004E+01
  0.16129830E+00  0.78851972E+01
  0.17137944E+00  0.78962415E+01
  0.18146059E+00  0.79076964E+01
  0.19154173E+00  0.79195252E+01
  0.20162287E+00  0.79316910E+01
  0.21170402E+00  0.79441577E+01
  0.22178516E+00  0.79568894E+01
  0.23186630E+00  0.79698513E+01
  0.24194745E+00  0.79830098E+01
  0.25202859E+00  0.79963325E+01
  0.26210973E+00  0.80097885E+01
  0.27219088E+00  0.80233490E+01
  0.28227202E+00  0.80369868E+01
  0.29235317E+00  0.80506768E+01
  0.30243431E+00  0.80643964E+01
  0.31251545E+00  0.80781251E+01
  0.32259660E+00  0.80918448E+01
  0.33267774E+00  0.81055401E+01
  0.34275888E+00  0.81191981E+01
  0.35284003E+00  0.81328084E+01
  0.36292117E+00  0.81463633E+01
  0.37300231E+00  0.81598575E+01
  0.38308346E+00  0.81732884E+01
  0.39316460E+00  0.81866556E+01
  0.40324575E+00  0.81999615E+01
  0.41332689E+00  0.82132103E+01
  0.42340803E+00  0.82264085E+01
  0.43348918E+00  0.82395646E+01
  0.44357032E+00  0.82526890E+01
  0.45365146E+00  0.82657933E+01
  0.46373261E+00  0.82788909E+01
  0.47381375E+00  0.82919962E+01
  0.48389489E+00  0.83051245E+01
  0.49397604E+00  0.83182919E+01
  0.50405718E+00  0.83315147E+01
  0.51413833E+00  0.83448094E+01
  0.52421947E+00  0.83581924E+01
  0.53430061E+00  0.83716795E+01
  0.54438176E+00  0.83852858E+01
  0.55446290E+00  0.83990253E+01
  0.56454404E+00  0.84129104E+01
  0.57462519E+00  0.84269521E+01
  0.58470633E+00  0.84411589E+01
  0.59478747E+00  0.84555372E+01
  0.60486862E+00  0.84700905E+01
  0.61494976E+00  0.84848194E+01
  0.62503091E+00  0.84997210E+01
  0.63511205E+00  0.85147889E+01
  0.64519319E+00  0.85300124E+01
  0.65527434E+00  0.85453769E+01
  0.66535548E+00  0.85608629E+01
  0.67543662E+00  0.85764465E+01
  0.68551777E+00  0.85920984E+01
  0.69559891E+00  0.86077842E+01
  0.70568006E+00  0.86234640E+01
  0.71576120E+00  0.86390919E+01
  0.72584234E+00  0.86546164E+01
  0.73592349E+00  0.86699800E+01
  0.74600463E+00  0.86851186E+01
  0.75608577E+00  0.86999622E+01
  0.76616692E+00  0.87144342E+01
  0.77624806E+00  0.87284514E+01
  0.78632920E+00  0.87419247E+01
  0.79641035E+00  0.87547587E+01
  0.80649149E+00  0.87668522E+01
  0.81657264E+00  0.87780996E+01
  0.82665378E+00  0.87883919E+01
  0.83673492E+00  0.87976186E+01
  0.84681607E+00  0.88056719E+01
  0.85689721E+00  0.88124505E+01
  0.86697835E+00  0.88178668E+01
  0.87705950E+00  0.88218558E+01
  0.88714064E+00  0.88243860E+01
  0.89722178E+00  0.88254720E+01
  0.90730293E+00  0.88251869E+01
  0.91738407E+00  0.88236718E+01
  0.92746522E+00  0.88211383E+01
  0.93754636E+00  0.88178601E+01
  0.94762750E+00  0.88141541E+01
  0.95770865E+00  0.88103518E+01
  0.96778979E+00  0.88067701E+01
  0.97787093E+00  0.88036863E+01
  0.98795208E+00  0.88013226E+01
  0.99803322E+00  0.87998386E+01
  0.10081144E+01  0.87993304E+01
  0.10182367E+01  0.87985144E+01
  0.10283591E+01  0.87960326E+01
  0.10384814E+01  0.87918734E+01
  0.10486038E+01  0.87860193E+01
  0.10587261E+01  0.87784511E+01
  0.10688485E+01  0.87691510E+01
  0.10789708E+01  0.87581066E+01
  0.10890932E+01  0.87453132E+01
  0.10992155E+01  0.87307759E+01
  0.11093379E+01  0.87145107E+01
  0.11194602E+01  0.86965445E+01
  0.11295826E+01  0.86769149E+01
  0.11397049E+01  0.86556689E+01
  0.11498273E+01  0.86328625E+01
  0.11599496E+01  0.86085593E+01
  0.11700720E+01  0.85828292E+01
  0.11801943E+01  0.85557482E+01
  0.11903167E+01  0.85273966E+01
  0.12004390E+01  0.84978590E+01
  0.12105614E+01  0.84672231E+01
  0.12206837E+01  0.84355796E+01
  0.12308061E+01  0.84030211E+01
  0.12409284E+01  0.83696422E+01
  0.12510508E+01  0.83355384E+01
  0.12611731E+01  0.83008063E+01
  0.12712955E+01  0.82655427E+01
  0.12814178E+01  0.82298445E+01
  0.12915402E+01  0.81938078E+01
  0.13016625E+01  0.81575279E+01
  0.13117849E+01  0.81210988E+01
  0.13219072E+01  0.80846125E+01
  0.13320296E+01  0.80481587E+01
  0.13421519E+01  0.80118243E+01
  0.13522742E+01  0.79756930E+01
  0.13623966E+01  0.79398448E+01
  0.13725189E+01  0.79043553E+01
  0.13826413E+01  0.78692958E+01
  0.13927636E+01  0.78347326E+01
  0.14028860E+01  0.78007265E+01
  0.14130083E+01  0.77673330E+01
  0.14231307E+01  0.77346012E+01
  0.14332530E+01  0.77025746E+01
  0.14433754E+01  0.76712900E+01
  0.14534977E+01  0.76407783E+01
  0.14636201E+01  0.76110638E+01
  0.14737424E+01  0.75821645E+01
  0.14838648E+01  0.75540923E+01
  0.14939871E+01  0.75268533E+01
  0.15041095E+01  0.75004476E+01
  0.15142318E+01  0.74748702E+01
  0.15243542E+01  0.74501110E+01
  0.15344765E+01  0.74261550E+01
  0.15445989E+01  0.74029833E+01
  0.15547212E+01  0.73805732E+01
  0.15648436E+01  0.73588987E+01
  0.15749659E+01  0.73379310E+01
  0.15850883E+01  0.73176389E+01
  0.15952106E+01  0.72979897E+01
  0.16053330E+01  0.72789491E+01
  0.16154553E+01  0.72604818E+01
  0.16255777E+01  0.72425525E+01
  0.16357000E+01  0.72251254E+01
  0.16458224E+01  0.72081652E+01
  0.16559447E+01  0.71916375E+01
  0.16660671E+01  0.71755088E+01
  0.16761894E+01  0.71597469E+01
  0.16863118E+01  0.71443213E+01
  0.16964341E+01  0.71292035E+01
  0.17065565E+01  0.71143671E+01
  0.17166788E+01  0.70997878E+01
  0.17268012E+01  0.70854442E+01
  0.17369235E+01  0.70713173E+01
  0.17470459E+01  0.70573909E+01
  0.17571682E+01  0.70436519E+01
  0.17672906E+01  0.70300899E+01
  0.17774129E+01  0.70166980E+01
  0.17875353E+01  0.70034720E+01
  0.17976576E+01  0.69904111E+01
  0.18077800E+01  0.69775176E+01
  0.18179023E+01  0.69647970E+01
  0.18280247E+01  0.69522581E+01
  0.18381470E+01  0.69399126E+01
  0.18482694E+01  0.69277755E+01
  0.18583917E+01  0.69158648E+01
  0.18685141E+01  0.69042015E+01
  0.18786364E+01  0.68928094E+01
  0.18887588E+01  0.68817152E+01
  0.18988811E+01  0.68709482E+01
  0.19090035E+01  0.68605405E+01
  0.19191258E+01  0.68505265E+01
  0.19292482E+01  0.68409429E+01
  0.19393705E+01  0.68318287E+01
  0.19494929E+01  0.68232247E+01
  0.19596152E+01  0.68151738E+01
  0.19697376E+01  0.68077205E+01
  0.19798599E+01  0.68009106E+01
  0.19899823E+01  0.67947916E+01
  0.20001046E+01  0.67894119E+01
  0.20102270E+01  0.67848209E+01
  0.20203493E+01  0.67810687E+01
  0.20304717E+01  0.67782062E+01
  0.20405940E+01  0.67762845E+01
  0.20507164E+01  0.67753551E+01
  0.20608387E+01  0.67754694E+01
  0.20709611E+01  0.67766790E+01
  0.20810834E+01  0.67790350E+01
  0.20912058E+01  0.67825881E+01
  0.21013281E+01  0.67873887E+01
  0.21114505E+01  0.67934865E+01
  0.21215728E+01  0.68009304E+01
  0.21316952E+01  0.68097684E+01
  0.21418175E+01  0.68200477E+01
  0.21519399E+01  0.68318141E+01
  0.21620622E+01  0.68451126E+01
  0.21721846E+01  0.68599856E+01
  0.21721846E+01  0.68599857E+01
  0.21822226E+01  0.68546543E+01
  0.21922607E+01  0.68522632E+01
  0.22022988E+01  0.68514038E+01
  0.22123369E+01  0.68513657E+01
  0.22223749E+01  0.68518306E+01
  0.22324130E+01  0.68526584E+01
  0.22424511E+01  0.68537864E+01
  0.22524891E+01  0.68551878E+01
  0.22625272E+01  0.68568534E+01
  0.22725653E+01  0.68587839E+01
  0.22826034E+01  0.68609859E+01
  0.22926414E+01  0.68634699E+01
  0.23026795E+01  0.68662496E+01
  0.23127176E+01  0.68693413E+01
  0.23227556E+01  0.68727634E+01
  0.23327937E+01  0.68765368E+01
  0.23428318E+01  0.68806841E+01
  0.23528699E+01  0.68852305E+01
  0.23629079E+01  0.68902027E+01
  0.23729460E+01  0.68956301E+01
  0.23829841E+01  0.69015437E+01
  0.23930222E+01  0.69079770E+01
  0.24030602E+01  0.69149651E+01
  0.24130983E+01  0.69225454E+01
  0.24231364E+01  0.69307570E+01
  0.24331744E+01  0.69396406E+01
  0.24432125E+01  0.69492384E+01
  0.24532506E+01  0.69595934E+01
  0.24632887E+01  0.69707499E+01
  0.24733267E+01  0.69827522E+01
  0.24833648E+01  0.69956446E+01
  0.24934029E+01  0.70094707E+01
  0.25034410E+01  0.70242732E+01
  0.25134790E+01  0.70400927E+01
  0.25235171E+01  0.70569678E+01
  0.25335552E+01  0.70749338E+01
  0.25435932E+01  0.70940227E+01
  0.25536313E+01  0.71142621E+01
  0.25636694E+01  0.71356749E+01
  0.25737075E+01  0.71582788E+01
  0.25837455E+01  0.71820858E+01
  0.25938659E+01  0.72073116E+01
  0.26039862E+01  0.72337655E+01
  0.26141066E+01  0.72614401E+01
  0.26242269E+01  0.72903207E+01
  0.26343473E+01  0.73203860E+01
  0.26444676E+01  0.73516075E+01
  0.26545880E+01  0.73839498E+01
  0.26647083E+01  0.74173710E+01
  0.26748287E+01  0.74518231E+01
  0.26849490E+01  0.74872518E+01
  0.26950694E+01  0.75235978E+01
  0.27051897E+01  0.75607966E+01
  0.27153101E+01  0.75987793E+01
  0.27254305E+01  0.76374732E+01
  0.27355508E+01  0.76768023E+01
  0.27456712E+01  0.77166881E+01
  0.27557915E+01  0.77570500E+01
  0.27659119E+01  0.77978057E+01
  0.27760322E+01  0.78388723E+01
  0.27861526E+01  0.78801666E+01
  0.27962729E+01  0.79216054E+01
  0.28063933E+01  0.79631064E+01
  0.28165136E+01  0.80045886E+01
  0.28266340E+01  0.80459723E+01
  0.28367543E+01  0.80871802E+01
  0.28468747E+01  0.81281371E+01
  0.28569950E+01  0.81687704E+01
  0.28671154E+01  0.82090105E+01
  0.28772357E+01  0.82487907E+01
  0.28873561E+01  0.82880474E+01
  0.28974764E+01  0.83267202E+01
  0.29075968E+01  0.83647516E+01
  0.29177171E+01  0.84020874E+01
  0.29278375E+01  0.84386760E+01
  0.29379578E+01  0.84744685E+01
  0.29480782E+01  0.85094182E+01
  0.29581985E+01  0.85434807E+01
  0.29683189E+01  0.85766130E+01
  0.29784392E+01  0.86087735E+01
  0.29885596E+01  0.86399217E+01
  0.29986799E+01  0.86700175E+01
  0.30088003E+01  0.86990212E+01
  0.30189206E+01  0.87268932E+01
  0.30290410E+01  0.87535941E+01
  0.30391614E+01  0.87790842E+01
  0.30492817E+01  0.88033244E+01
  0.30594021E+01  0.88262758E+01
  0.30695224E+01  0.88479007E+01
  0.30796428E+01  0.88681631E+01
  0.30897631E+01  0.88870294E+01
  0.30998835E+01  0.89044698E+01
  0.31100038E+01  0.89204587E+01
  0.31201242E+01  0.89349766E+01
  0.31302445E+01  0.89480106E+01
  0.31403649E+01  0.89595557E+01
  0.31504852E+01  0.89696161E+01
  0.31606056E+01  0.89782053E+01
  0.31707259E+01  0.89853474E+01
  0.31808463E+01  0.89910769E+01
  0.31909666E+01  0.89954391E+01
  0.32010870E+01  0.89984898E+01
  0.32112073E+01  0.90002946E+01
  0.32213277E+01  0.90009287E+01
  0.32314480E+01  0.90004756E+01
  0.32415684E+01  0.89990260E+01
  0.32516887E+01  0.89966769E+01
  0.32618091E+01  0.89935300E+01
  0.32719294E+01  0.89896910E+01
  0.32820498E+01  0.89852677E+01
  0.32921701E+01  0.89803690E+01
  0.33022905E+01  0.89751040E+01
  0.33124108E+01  0.89695805E+01
  0.33225312E+01  0.89639045E+01
  0.33326515E+01  0.89581789E+01
  0.33427719E+01  0.89525029E+01
  0.33528923E+01  0.89469714E+01
  0.33630126E+01  0.89416743E+01
  0.33731330E+01  0.89366959E+01
  0.33832533E+01  0.89321149E+01
  0.33933737E+01  0.89280031E+01
  0.34034940E+01  0.89244261E+01
  0.34136144E+01  0.89214422E+01
  0.34237347E+01  0.89191026E+01
  0.34338551E+01  0.89174505E+01
  0.34439754E+01  0.89165216E+01
  0.34540958E+01  0.89163429E+01
  0.34642161E+01  0.89169329E+01
  0.34743365E+01  0.89183010E+01
  0.34844568E+01  0.89204470E+01
  0.34945772E+01  0.89233601E+01
  0.35046975E+01  0.89270188E+01
  0.35148179E+01  0.89313894E+01
  0.35249382E+01  0.89364254E+01
  0.35350586E+01  0.89420654E+01
  0.35451789E+01  0.89482323E+01
  0.35552993E+01  0.89548303E+01
  0.35654196E+01  0.89617427E+01
  0.35755400E+01  0.89581745E+01
  0.35856603E+01  0.89440374E+01
  0.35957807E+01  0.89306790E+01
  0.36059010E+01  0.89180809E+01
  0.36160214E+01  0.89062244E+01
  0.36261417E+01  0.88950908E+01
  0.36362621E+01  0.88846616E+01
  0.36463824E+01  0.88749183E+01
  0.36565028E+01  0.88658428E+01
  0.36666232E+01  0.88574173E+01
  0.36767435E+01  0.88496246E+01
  0.36868639E+01  0.88424482E+01
  0.36969842E+01  0.88358721E+01
  0.37071046E+01  0.88298814E+01
  0.37172249E+01  0.88244617E+01
  0.37273453E+01  0.88196000E+01
  0.37374656E+01  0.88152840E+01
  0.37475860E+01  0.88115027E+01
  0.37577063E+01  0.88082462E+01
  0.37678267E+01  0.88055057E+01
  0.37779470E+01  0.88032739E+01
  0.37880674E+01  0.88015446E+01
  0.37981877E+01  0.88003130E+01
  0.38083081E+01  0.87995757E+01
  0.38184284E+01  0.87993304E+01

  0.00000000E+00  0.95610606E+01
  0.10081144E-01  0.95616119E+01
  0.20162287E-01  0.95632521E+01
  0.30243431E-01  0.95659530E+01
  0.40324575E-01  0.95696983E+01
  0.50405718E-01  0.95744694E+01
  0.60486862E-01  0.95802403E+01
  0.70568006E-01  0.95869791E+01
  0.80649149E-01  0.95946478E+01
  0.90730293E-01  0.96032031E+01
  0.10081144E+00  0.96125964E+01
  0.11089258E+00  0.96227744E+01
  0.12097372E+00  0.96336791E+01
  0.13105487E+00  0.96452481E+01
  0.14113601E+00  0.96574151E+01
  0.15121715E+00  0.96701100E+01
  0.16129830E+00  0.96832596E+01
  0.17137944E+00  0.96967877E+01
  0.18146059E+00  0.97106154E+01
  0.19154173E+00  0.97246618E+01
  0.20162287E+00  0.97388444E+01
  0.21170402E+00  0.97530789E+01
  0.22178516E+00  0.97672807E+01
  0.23186630E+00  0.97813642E+01
  0.24194745E+00  0.97952441E+01
  0.25202859E+00  0.98088354E+01
  0.26210973E+00  0.98220539E+01
  0.27219088E+00  0.98348164E+01
  0.28227202E+00  0.98470418E+01
  0.29235317E+00  0.98586508E+01
  0.30243431E+00  0.98695663E+01
  0.31251545E+00  0.98797145E+01
  0.32259660E+00  0.98890243E+01
  0.33267774E+00  0.98974284E+01
  0.34275888E+00  0.99048632E+01
  0.35284003E+00  0.99112691E+01
  0.36292117E+00  0.99165912E+01
  0.37300231E+00  0.99207788E+01
  0.38308346E+00  0.99237863E+01
  0.39316460E+00  0.99255730E+01
  0.40324575E+00  0.99261035E+01
  0.41332689E+00  0.99253475E+01
  0.42340803E+00  0.99232802E+01
  0.43348918E+00  0.99198824E+01
  0.44357032E+00  0.99151401E+01
  0.45365146E+00  0.99090449E+01
  0.46373261E+00  0.99015940E+01
  0.47381375E+00  0.98927898E+01
  0.48389489E+00  0.98826402E+01
  0.49397604E+00  0.98711573E+01
  0.50405718E+00  0.98583406E+01
  0.51413833E+00  0.98422633E+01
  0.52421947E+00  0.98245852E+01
  0.53430061E+00  0.98057548E+01
  0.54438176E+00  0.97858319E+01
  0.55446290E+00  0.97648784E+01
  0.56454404E+00  0.97429589E+01
  0.57462519E+00  0.97201405E+01
  0.58470633E+00  0.96964917E+01
  0.59478747E+00  0.96720830E+01
  0.60486862E+00  0.96469855E+01
  0.61494976E+00  0.96212708E+01
  0.62503091E+00  0.95950108E+01
  0.63511205E+00  0.95682769E+01
  0.64519319E+00  0.95411399E+01
  0.65527434E+00  0.95136696E+01
  0.66535548E+00  0.94859348E+01
  0.67543662E+00  0.94580025E+01
  0.68551777E+00  0.94299384E+01
  0.69559891E+00  0.94018063E+01
  0.70568006E+00  0.93736684E+01
  0.71576120E+00  0.93455851E+01
  0.72584234E+00  0.93176152E+01
  0.73592349E+00  0.92898158E+01
  0.74600463E+00  0.92622429E+01
  0.75608577E+00  0.92349511E+01
  0.76616692E+00  0.92079942E+01
  0.77624806E+00  0.91814251E+01
  0.78632920E+00  0.91552964E+01
  0.79641035E+00  0.91296593E+01
  0.80649149E+00  0.91045548E+01
  0.81657264E+00  0.90790682E+01
  0.82665378E+00  0.90534890E+01
  0.83673492E+00  0.90287050E+01
  0.84681607E+00  0.90048019E+01
  0.85689721E+00  0.89818579E+01
  0.86697835E+00  0.89599496E+01
  0.87705950E+00  0.89391523E+01
  0.88714064E+00  0.89195401E+01
  0.89722178E+00  0.89011850E+01
  0.90730293E+00  0.88841568E+01
  0.91738407E+00  0.88685224E+01
  0.92746522E+00  0.88543453E+01
  0.93754636E+00  0.88416847E+01
  0.94762750E+00  0.88305953E+01
  0.95770865E+00  0.88211259E+01
  0.96778979E+00  0.88133195E+01
  0.97787093E+00  0.88072121E+01
  0.98795208E+00  0.88028322E+01
  0.99803322E+00  0.88002009E+01
  0.10081144E+01  0.87993305E+01
  0.10182367E+01  0.88012271E+01
  0.10283591E+01  0.88069168E+01
  0.10384814E+01  0.88163647E+01
  0.10486038E+01  0.88295139E+01
  0.10587261E+01  0.88462872E+01
  0.10688485E+01  0.88665898E+01
  0.10789708E+01  0.88903113E+01
  0.10890932E+01  0.89173291E+01
  0.10992155E+01  0.89475108E+01
  0.11093379E+01  0.89807172E+01
  0.11194602E+01  0.90168044E+01
  0.11295826E+01  0.90556264E+01
  0.11397049E+01  0.90970363E+01
  0.11498273E+01  0.91408883E+01
  0.11599496E+01  0.91869795E+01
  0.11700720E+01  0.92323454E+01
  0.11801943E+01  0.92791074E+01
  0.11903167E+01  0.93271401E+01
  0.12004390E+01  0.93763265E+01
  0.12105614E+01  0.94265631E+01
  0.12206837E+01  0.94777591E+01
  0.12308061E+01  0.95298354E+01
  0.12409284E+01  0.95827234E+01
  0.12510508E+01  0.96363638E+01
  0.12611731E+01  0.96907050E+01
  0.12712955E+01  0.97457018E+01
  0.12814178E+01  0.98013131E+01
  0.12915402E+01  0.98574998E+01
  0.13016625E+01  0.99142219E+01
  0.13117849E+01  0.99714342E+01
  0.13219072E+01  0.10029081E+02
  0.13320296E+01  0.10087088E+02
  0.13421519E+01  0.10145350E+02
  0.13522742E+01  0.10203712E+02
  0.13623966E+01  0.10261938E+02
  0.13725189E+01  0.10319663E+02
  0.13826413E+01  0.10376303E+02
  0.13927636E+01  0.10430919E+02
  0.14028860E+01  0.10482012E+02
  0.14130083E+01  0.10527323E+02
  0.14231307E+01  0.10563952E+02
  0.14332530E+01  0.10589287E+02
  0.14433754E+01  0.10602438E+02
  0.14534977E+01  0.10604529E+02
  0.14636201E+01  0.10597560E+02
  0.14737424E+01  0.10583358E+02
  0.14838648E+01  0.10563253E+02
  0.14939871E+01  0.10538143E+02
  0.15041095E+01  0.10508639E+02
  0.15142318E+01  0.10475167E+02
  0.15243542E+01  0.10438043E+02
  0.15344765E+01  0.10397512E+02
  0.15445989E+01  0.10353779E+02
  0.15547212E+01  0.10307022E+02
  0.15648436E+01  0.10257403E+02
  0.15749659E+01  0.10205075E+02
  0.15850883E+01  0.10150185E+02
  0.15952106E+01  0.10092877E+02
  0.16053330E+01  0.10033294E+02
  0.16154553E+01  0.99715772E+01
  0.16255777E+01  0.99078706E+01
  0.16357000E+01  0.98423171E+01
  0.16458224E+01  0.97750608E+01
  0.16559447E+01  0.97062464E+01
  0.16660671E+01  0.96360193E+01
  0.16761894E+01  0.95645249E+01
  0.16863118E+01  0.94919091E+01
  0.16964341E+01  0.94183172E+01
  0.17065565E+01  0.93438944E+01
  0.17166788E+01  0.92687849E+01
  0.17268012E+01  0.91931316E+01
  0.17369235E+01  0.91170761E+01
  0.17470459E+01  0.90407583E+01
  0.17571682E+01  0.89643158E+01
  0.17672906E+01  0.88878837E+01
  0.17774129E+01  0.88115946E+01
  0.17875353E+01  0.87355779E+01
  0.17976576E+01  0.86599596E+01
  0.18077800E+01  0.85848624E+01
  0.18179023E+01  0.85104048E+01
  0.18280247E+01  0.84367014E+01
  0.18381470E+01  0.83638626E+01
  0.18482694E+01  0.82919939E+01
  0.18583917E+01  0.82211963E+01
  0.18685141E+01  0.81515660E+01
  0.18786364E+01  0.80831937E+01
  0.18887588E+01  0.80161652E+01
  0.18988811E+01  0.79505609E+01
  0.19090035E+01  0.78864554E+01
  0.19191258E+01  0.78239180E+01
  0.19292482E+01  0.77630121E+01
  0.19393705E+01  0.77037957E+01
  0.19494929E+01  0.76463207E+01
  0.19596152E+01  0.75906333E+01
  0.19697376E+01  0.75367740E+01
  0.19798599E+01  0.74847775E+01
  0.19899823E+01  0.74346731E+01
  0.20001046E+01  0.73864842E+01
  0.20102270E+01  0.73402290E+01
  0.20203493E+01  0.72959204E+01
  0.20304717E+01  0.72535662E+01
  0.20405940E+01  0.72131692E+01
  0.20507164E+01  0.71747277E+01
  0.20608387E+01  0.71382354E+01
  0.20709611E+01  0.71036817E+01
  0.20810834E+01  0.70710525E+01
  0.20912058E+01  0.70403295E+01
  0.21013281E+01  0.70114912E+01
  0.21114505E+01  0.69845130E+01
  0.21215728E+01  0.69593674E+01
  0.21316952E+01  0.69360240E+01
  0.21418175E+01  0.69144501E+01
  0.21519399E+01  0.68946108E+01
  0.21620622E+01  0.68764692E+01
  0.21721846E+01  0.68599873E+01
  0.21721846E+01  0.68599878E+01
  0.21822226E+01  0.68703654E+01
  0.21922607E+01  0.68878470E+01
  0.22022988E+01  0.69136990E+01
  0.22123369E+01  0.69484030E+01
  0.22223749E+01  0.69919723E+01
  0.22324130E+01  0.70441806E+01
  0.22424511E+01  0.71046763E+01
  0.22524891E+01  0.71730387E+01
  0.22625272E+01  0.72488090E+01
  0.22725653E+01  0.73315095E+01
  0.22826034E+01  0.74206558E+01
  0.22926414E+01  0.75157656E+01
  0.23026795E+01  0.76163642E+01
  0.23127176E+01  0.77219882E+01
  0.23227556E+01  0.78321872E+01
  0.23327937E+01  0.79465249E+01
  0.23428318E+01  0.80645791E+01
  0.23528699E+01  0.81859415E+01
  0.23629079E+01  0.83102173E+01
  0.23729460E+01  0.84370240E+01
  0.23829841E+01  0.85659912E+01
  0.23930222E+01  0.86967598E+01
  0.24030602E+01  0.88289812E+01
  0.24130983E+01  0.89623175E+01
  0.24231364E+01  0.90964406E+01
  0.24331744E+01  0.92310324E+01
  0.24432125E+01  0.93657850E+01
  0.24532506E+01  0.95004003E+01
  0.24632887E+01  0.96345906E+01
  0.24733267E+01  0.97680789E+01
  0.24833648E+01  0.99005993E+01
  0.24934029E+01  0.10031897E+02
  0.25034410E+01  0.10161730E+02
  0.25134790E+01  0.10289868E+02
  0.25235171E+01  0.10416094E+02
  0.25335552E+01  0.10540205E+02
  0.25435932E+01  0.10662011E+02
  0.25536313E+01  0.10781337E+02
  0.25636694E+01  0.10898024E+02
  0.25737075E+01  0.11011928E+02
  0.25837455E+01  0.11122917E+02
  0.25938659E+01  0.11231753E+02
  0.26039862E+01  0.11337411E+02
  0.26141066E+01  0.11439808E+02
  0.26242269E+01  0.11538875E+02
  0.26343473E+01  0.11634557E+02
  0.26444676E+01  0.11726813E+02
  0.26545880E+01  0.11815617E+02
  0.26647083E+01  0.11900952E+02
  0.26748287E+01  0.11982808E+02
  0.26849490E+01  0.12061186E+02
  0.26950694E+01  0.12136086E+02
  0.27051897E+01  0.12207509E+02
  0.27153101E+01  0.12275449E+02
  0.27254305E+01  0.12339886E+02
  0.27355508E+01  0.12400778E+02
  0.27456712E+01  0.12395521E+02
  0.27557915E+01  0.12329457E+02
  0.27659119E+01  0.12264782E+02
  0.27760322E+01  0.12201451E+02
  0.27861526E+01  0.12139412E+02
  0.27962729E+01  0.12078610E+02
  0.28063933E+01  0.12018987E+02
  0.28165136E+01  0.11960483E+02
  0.28266340E+01  0.11903036E+02
  0.28367543E+01  0.11846582E+02
  0.28468747E+01  0.11791058E+02
  0.28569950E+01  0.11736399E+02
  0.28671154E+01  0.11682540E+02
  0.28772357E+01  0.11629420E+02
  0.28873561E+01  0.11576976E+02
  0.28974764E+01  0.11525148E+02
  0.29075968E+01  0.11473877E+02
  0.29177171E+01  0.11423109E+02
  0.29278375E+01  0.11372790E+02
  0.29379578E+01  0.11322871E+02
  0.29480782E+01  0.11273304E+02
  0.29581985E+01  0.11224048E+02
  0.29683189E+01  0.11175062E+02
  0.29784392E+01  0.11126312E+02
  0.29885596E+01  0.11077766E+02
  0.29986799E+01  0.11029397E+02
  0.30088003E+01  0.10981182E+02
  0.30189206E+01  0.10933102E+02
  0.30290410E+01  0.10885143E+02
  0.30391614E+01  0.10837293E+02
  0.30492817E+01  0.10789547E+02
  0.30594021E+01  0.10741902E+02
  0.30695224E+01  0.10694360E+02
  0.30796428E+01  0.10646925E+02
  0.30897631E+01  0.10599606E+02
  0.30998835E+01  0.10552416E+02
  0.31100038E+01  0.10505371E+02
  0.31201242E+01  0.10458488E+02
  0.31302445E+01  0.10411788E+02
  0.31403649E+01  0.10365297E+02
  0.31504852E+01  0.10319039E+02
  0.31606056E+01  0.10273043E+02
  0.31707259E+01  0.10227339E+02
  0.31808463E+01  0.10181959E+02
  0.31909666E+01  0.10136935E+02
  0.32010870E+01  0.10092301E+02
  0.32112073E+01  0.10048091E+02
  0.32213277E+01  0.10004341E+02
  0.32314480E+01  0.99610859E+01
  0.32415684E+01  0.99183604E+01
  0.32516887E+01  0.98761996E+01
  0.32618091E+01  0.98346376E+01
  0.32719294E+01  0.97937081E+01
  0.32820498E+01  0.97534435E+01
  0.32921701E+01  0.97138752E+01
  0.33022905E+01  0.96750333E+01
  0.33124108E+01  0.96369464E+01
  0.33225312E+01  0.95996413E+01
  0.33326515E+01  0.95631430E+01
  0.33427719E+01  0.95274749E+01
  0.33528923E+01  0.94926581E+01
  0.33630126E+01  0.94587116E+01
  0.33731330E+01  0.94256525E+01
  0.33832533E+01  0.93934956E+01
  0.33933737E+01  0.93622533E+01
  0.34034940E+01  0.93319361E+01
  0.34136144E+01  0.93025521E+01
  0.34237347E+01  0.92741072E+01
  0.34338551E+01  0.92466053E+01
  0.34439754E+01  0.92200479E+01
  0.34540958E+01  0.91944347E+01
  0.34642161E+01  0.91697634E+01
  0.34743365E+01  0.91460296E+01
  0.34844568E+01  0.91232274E+01
  0.34945772E+01  0.91013489E+01
  0.35046975E+01  0.90803849E+01
  0.35148179E+01  0.90603244E+01
  0.35249382E+01  0.90411553E+01
  0.35350586E+01  0.90228642E+01
  0.35451789E+01  0.90054365E+01
  0.35552993E+01  0.89888566E+01
  0.35654196E+01  0.89731084E+01
  0.35755400E+01  0.89688277E+01
  0.35856603E+01  0.89759136E+01
  0.35957807E+01  0.89827906E+01
  0.36059010E+01  0.89891988E+01
  0.36160214E+01  0.89948053E+01
  0.36261417E+01  0.89991608E+01
  0.36362621E+01  0.90016025E+01
  0.36463824E+01  0.90010439E+01
  0.36565028E+01  0.89956651E+01
  0.36666232E+01  0.89835075E+01
  0.36767435E+01  0.89653398E+01
  0.36868639E+01  0.89445386E+01
  0.36969842E+01  0.89236351E+01
  0.37071046E+01  0.89037874E+01
  0.37172249E+01  0.88854715E+01
  0.37273453E+01  0.88688799E+01
  0.37374656E+01  0.88540831E+01
  0.37475860E+01  0.88410966E+01
  0.37577063E+01  0.88299101E+01
  0.37678267E+01  0.88205020E+01
  0.37779470E+01  0.88128470E+01
  0.37880674E+01  0.88069208E+01
  0.37981877E+01  0.88027023E+01
  0.38083081E+01  0.88001756E+01
  0.38184284E+01  0.87993305E+01

  0.00000000E+00  0.95612740E+01
  0.10081144E-01  0.95618507E+01
  0.20162287E-01  0.95636366E+01
  0.30243431E-01  0.95666401E+01
  0.40324575E-01  0.95708440E+01
  0.50405718E-01  0.95762209E+01
  0.60486862E-01  0.95827374E+01
  0.70568006E-01  0.95903537E+01
  0.80649149E-01  0.95990236E+01
  0.90730293E-01  0.96086946E+01
  0.10081144E+00  0.96193079E+01
  0.11089258E+00  0.96307987E+01
  0.12097372E+00  0.96430967E+01
  0.13105487E+00  0.96561264E+01
  0.14113601E+00  0.96698072E+01
  0.15121715E+00  0.96840544E+01
  0.16129830E+00  0.96987789E+01
  0.17137944E+00  0.97138887E+01
  0.18146059E+00  0.97292883E+01
  0.19154173E+00  0.97448800E+01
  0.20162287E+00  0.97605645E+01
  0.21170402E+00  0.97762408E+01
  0.22178516E+00  0.97918076E+01
  0.23186630E+00  0.98071633E+01
  0.24194745E+00  0.98222070E+01
  0.25202859E+00  0.98368387E+01
  0.26210973E+00  0.98509603E+01
  0.27219088E+00  0.98644760E+01
  0.28227202E+00  0.98772929E+01
  0.29235317E+00  0.98893214E+01
  0.30243431E+00  0.99004758E+01
  0.31251545E+00  0.99106752E+01
  0.32259660E+00  0.99198431E+01
  0.33267774E+00  0.99279086E+01
  0.34275888E+00  0.99348065E+01
  0.35284003E+00  0.99404776E+01
  0.36292117E+00  0.99448690E+01
  0.37300231E+00  0.99479344E+01
  0.38308346E+00  0.99496344E+01
  0.39316460E+00  0.99499366E+01
  0.40324575E+00  0.99488154E+01
  0.41332689E+00  0.99462526E+01
  0.42340803E+00  0.99422369E+01
  0.43348918E+00  0.99367645E+01
  0.44357032E+00  0.99298380E+01
  0.45365146E+00  0.99214674E+01
  0.46373261E+00  0.99116691E+01
  0.47381375E+00  0.99004660E+01
  0.48389489E+00  0.98878873E+01
  0.49397604E+00  0.98739688E+01
  0.50405718E+00  0.98587695E+01
  0.51413833E+00  0.98442853E+01
  0.52421947E+00  0.98289342E+01
  0.53430061E+00  0.98123550E+01
  0.54438176E+00  0.97945830E+01
  0.55446290E+00  0.97756593E+01
  0.56454404E+00  0.97556287E+01
  0.57462519E+00  0.97345400E+01
  0.58470633E+00  0.97124454E+01
  0.59478747E+00  0.96894001E+01
  0.60486862E+00  0.96654626E+01
  0.61494976E+00  0.96406938E+01
  0.62503091E+00  0.96151571E+01
  0.63511205E+00  0.95889180E+01
  0.64519319E+00  0.95620441E+01
  0.65527434E+00  0.95346047E+01
  0.66535548E+00  0.95066704E+01
  0.67543662E+00  0.94783133E+01
  0.68551777E+00  0.94496065E+01
  0.69559891E+00  0.94206242E+01
  0.70568006E+00  0.93914412E+01
  0.71576120E+00  0.93621332E+01
  0.72584234E+00  0.93327762E+01
  0.73592349E+00  0.93034468E+01
  0.74600463E+00  0.92742220E+01
  0.75608577E+00  0.92451791E+01
  0.76616692E+00  0.92163956E+01
  0.77624806E+00  0.91879494E+01
  0.78632920E+00  0.91599187E+01
  0.79641035E+00  0.91323828E+01
  0.80649149E+00  0.91054312E+01
  0.81657264E+00  0.90801094E+01
  0.82665378E+00  0.90562584E+01
  0.83673492E+00  0.90331209E+01
  0.84681607E+00  0.90107402E+01
  0.85689721E+00  0.89891659E+01
  0.86697835E+00  0.89684458E+01
  0.87705950E+00  0.89486246E+01
  0.88714064E+00  0.89297424E+01
  0.89722178E+00  0.89118346E+01
  0.90730293E+00  0.88949320E+01
  0.91738407E+00  0.88790654E+01
  0.92746522E+00  0.88642731E+01
  0.93754636E+00  0.88506131E+01
  0.94762750E+00  0.88381785E+01
  0.95770865E+00  0.88271084E+01
  0.96778979E+00  0.88175894E+01
  0.97787093E+00  0.88098425E+01
  0.98795208E+00  0.88040951E+01
  0.99803322E+00  0.88005461E+01
  0.10081144E+01  0.87993307E+01
  0.10182367E+01  0.88013703E+01
  0.10283591E+01  0.88074628E+01
  0.10384814E+01  0.88175403E+01
  0.10486038E+01  0.88314940E+01
  0.10587261E+01  0.88491789E+01
  0.10688485E+01  0.88704205E+01
  0.10789708E+01  0.88950222E+01
  0.10890932E+01  0.89227719E+01
  0.10992155E+01  0.89534499E+01
  0.11093379E+01  0.89868338E+01
  0.11194602E+01  0.90227048E+01
  0.11295826E+01  0.90608508E+01
  0.11397049E+01  0.91010701E+01
  0.11498273E+01  0.91431736E+01
  0.11599496E+01  0.91870447E+01
  0.11700720E+01  0.92353465E+01
  0.11801943E+01  0.92856742E+01
  0.11903167E+01  0.93378888E+01
  0.12004390E+01  0.93918613E+01
  0.12105614E+01  0.94474675E+01
  0.12206837E+01  0.95045874E+01
  0.12308061E+01  0.95631062E+01
  0.12409284E+01  0.96229134E+01
  0.12510508E+01  0.96839038E+01
  0.12611731E+01  0.97459764E+01
  0.12712955E+01  0.98090354E+01
  0.12814178E+01  0.98729898E+01
  0.12915402E+01  0.99377533E+01
  0.13016625E+01  0.10003245E+02
  0.13117849E+01  0.10069389E+02
  0.13219072E+01  0.10136113E+02
  0.13320296E+01  0.10203354E+02
  0.13421519E+01  0.10271049E+02
  0.13522742E+01  0.10339145E+02
  0.13623966E+01  0.10407593E+02
  0.13725189E+01  0.10476350E+02
  0.13826413E+01  0.10545378E+02
  0.13927636E+01  0.10614645E+02
  0.14028860E+01  0.10684127E+02
  0.14130083E+01  0.10753804E+02
  0.14231307E+01  0.10823664E+02
  0.14332530E+01  0.10891439E+02
  0.14433754E+01  0.10934362E+02
  0.14534977E+01  0.10986152E+02
  0.14636201E+01  0.11044858E+02
  0.14737424E+01  0.11108712E+02
  0.14838648E+01  0.11176447E+02
  0.14939871E+01  0.11247232E+02
  0.15041095E+01  0.11320534E+02
  0.15142318E+01  0.11396006E+02
  0.15243542E+01  0.11473415E+02
  0.15344765E+01  0.11552605E+02
  0.15445989E+01  0.11633460E+02
  0.15547212E+01  0.11715897E+02
  0.15648436E+01  0.11799848E+02
  0.15749659E+01  0.11885256E+02
  0.15850883E+01  0.11972072E+02
  0.15952106E+01  0.12054255E+02
  0.16053330E+01  0.12131392E+02
  0.16154553E+01  0.12209397E+02
  0.16255777E+01  0.12288324E+02
  0.16357000E+01  0.12368227E+02
  0.16458224E+01  0.12449155E+02
  0.16559447E+01  0.12531154E+02
  0.16660671E+01  0.12614262E+02
  0.16761894E+01  0.12698515E+02
  0.16863118E+01  0.12783938E+02
  0.16964341E+01  0.12870551E+02
  0.17065565E+01  0.12958364E+02
  0.17166788E+01  0.13047378E+02
  0.17268012E+01  0.13137585E+02
  0.17369235E+01  0.13228964E+02
  0.17470459E+01  0.13321487E+02
  0.17571682E+01  0.13415110E+02
  0.17672906E+01  0.13509779E+02
  0.17774129E+01  0.13605428E+02
  0.17875353E+01  0.13701978E+02
  0.17976576E+01  0.13799338E+02
  0.18077800E+01  0.13897404E+02
  0.18179023E+01  0.13996059E+02
  0.18280247E+01  0.14095174E+02
  0.18381470E+01  0.14194610E+02
  0.18482694E+01  0.14294215E+02
  0.18583917E+01  0.14393825E+02
  0.18685141E+01  0.14493267E+02
  0.18786364E+01  0.14592358E+02
  0.18887588E+01  0.14690908E+02
  0.18988811E+01  0.14788716E+02
  0.19090035E+01  0.14885576E+02
  0.19191258E+01  0.14981275E+02
  0.19292482E+01  0.15075596E+02
  0.19393705E+01  0.15168317E+02
  0.19494929E+01  0.15259214E+02
  0.19596152E+01  0.15348061E+02
  0.19697376E+01  0.15434631E+02
  0.19798599E+01  0.15518700E+02
  0.19899823E+01  0.15600042E+02
  0.20001046E+01  0.15678438E+02
  0.20102270E+01  0.15753671E+02
  0.20203493E+01  0.15825530E+02
  0.20304717E+01  0.15893811E+02
  0.20405940E+01  0.15958315E+02
  0.20507164E+01  0.16018856E+02
  0.20608387E+01  0.16075254E+02
  0.20709611E+01  0.16127341E+02
  0.20810834E+01  0.16174960E+02
  0.20912058E+01  0.16217968E+02
  0.21013281E+01  0.16256232E+02
  0.21114505E+01  0.16289636E+02
  0.21215728E+01  0.16318076E+02
  0.21316952E+01  0.16341463E+02
  0.21418175E+01  0.16359726E+02
  0.21519399E+01  0.16372806E+02
  0.21620622E+01  0.16380664E+02
  0.21721846E+01  0.16383274E+02
  0.21721846E+01  0.16383275E+02
  0.21822226E+01  0.16380509E+02
  0.21922607E+01  0.16372198E+02
  0.22022988E+01  0.16358381E+02
  0.22123369E+01  0.16339122E+02
  0.22223749E+01  0.16314510E+02
  0.22324130E+01  0.16284658E+02
  0.22424511E+01  0.16249702E+02
  0.22524891E+01  0.16209802E+02
  0.22625272E+01  0.16165141E+02
  0.22725653E+01  0.16115921E+02
  0.22826034E+01  0.16062363E+02
  0.22926414E+01  0.16004709E+02
  0.23026795E+01  0.15943217E+02
  0.23127176E+01  0.15878157E+02
  0.23227556E+01  0.15809818E+02
  0.23327937E+01  0.15738495E+02
  0.23428318E+01  0.15664497E+02
  0.23528699E+01  0.15588137E+02
  0.23629079E+01  0.15509738E+02
  0.23729460E+01  0.15429621E+02
  0.23829841E+01  0.15348114E+02
  0.23930222E+01  0.15265539E+02
  0.24030602E+01  0.15182217E+02
  0.24130983E+01  0.15098466E+02
  0.24231364E+01  0.15014592E+02
  0.24331744E+01  0.14930894E+02
  0.24432125E+01  0.14847660E+02
  0.24532506E+01  0.14765163E+02
  0.24632887E+01  0.14683662E+02
  0.24733267E+01  0.14603397E+02
  0.24833648E+01  0.14524594E+02
  0.24934029E+01  0.14447454E+02
  0.25034410E+01  0.14372162E+02
  0.25134790E+01  0.14296240E+02
  0.25235171E+01  0.14203085E+02
  0.25335552E+01  0.14110208E+02
  0.25435932E+01  0.14017758E+02
  0.25536313E+01  0.13925873E+02
  0.25636694E+01  0.13834684E+02
  0.25737075E+01  0.13744311E+02
  0.25837455E+01  0.13654866E+02
  0.25938659E+01  0.13565731E+02
  0.26039862E+01  0.13477739E+02
  0.26141066E+01  0.13390975E+02
  0.26242269E+01  0.13305514E+02
  0.26343473E+01  0.13221421E+02
  0.26444676E+01  0.13138750E+02
  0.26545880E+01  0.13057547E+02
  0.26647083E+01  0.12977845E+02
  0.26748287E+01  0.12899672E+02
  0.26849490E+01  0.12823042E+02
  0.26950694E+01  0.12747963E+02
  0.27051897E+01  0.12674435E+02
  0.27153101E+01  0.12602447E+02
  0.27254305E+01  0.12531982E+02
  0.27355508E+01  0.12463017E+02
  0.27456712E+01  0.12458050E+02
  0.27557915E+01  0.12511573E+02
  0.27659119E+01  0.12561142E+02
  0.27760322E+01  0.12606447E+02
  0.27861526E+01  0.12647028E+02
  0.27962729E+01  0.12682239E+02
  0.28063933E+01  0.12711230E+02
  0.28165136E+01  0.12733022E+02
  0.28266340E+01  0.12746741E+02
  0.28367543E+01  0.12752005E+02
  0.28468747E+01  0.12749209E+02
  0.28569950E+01  0.12739444E+02
  0.28671154E+01  0.12724111E+02
  0.28772357E+01  0.12704549E+02
  0.28873561E+01  0.12681858E+02
  0.28974764E+01  0.12656881E+02
  0.29075968E+01  0.12630252E+02
  0.29177171E+01  0.12602454E+02
  0.29278375E+01  0.12573863E+02
  0.29379578E+01  0.12544784E+02
  0.29480782E+01  0.12515478E+02
  0.29581985E+01  0.12486167E+02
  0.29683189E+01  0.12457055E+02
  0.29784392E+01  0.12428327E+02
  0.29885596E+01  0.12400154E+02
  0.29986799E+01  0.12372698E+02
  0.30088003E+01  0.12346111E+02
  0.30189206E+01  0.12320536E+02
  0.30290410E+01  0.12296104E+02
  0.30391614E+01  0.12272940E+02
  0.30492817E+01  0.12251153E+02
  0.30594021E+01  0.12230844E+02
  0.30695224E+01  0.12212098E+02
  0.30796428E+01  0.12194984E+02
  0.30897631E+01  0.12179556E+02
  0.30998835E+01  0.12165850E+02
  0.31100038E+01  0.12153878E+02
  0.31201242E+01  0.12143637E+02
  0.31302445E+01  0.12135095E+02
  0.31403649E+01  0.12128202E+02
  0.31504852E+01  0.12122879E+02
  0.31606056E+01  0.12119024E+02
  0.31707259E+01  0.12116506E+02
  0.31808463E+01  0.12115168E+02
  0.31909666E+01  0.12114815E+02
  0.32010870E+01  0.12115200E+02
  0.32112073E+01  0.12115949E+02
  0.32213277E+01  0.12116159E+02
  0.32314480E+01  0.12109170E+02
  0.32415684E+01  0.12053421E+02
  0.32516887E+01  0.11974650E+02
  0.32618091E+01  0.11892155E+02
  0.32719294E+01  0.11807574E+02
  0.32820498E+01  0.11721360E+02
  0.32921701E+01  0.11633778E+02
  0.33022905E+01  0.11545046E+02
  0.33124108E+01  0.11455365E+02
  0.33225312E+01  0.11364935E+02
  0.33326515E+01  0.11273949E+02
  0.33427719E+01  0.11182604E+02
  0.33528923E+01  0.11091094E+02
  0.33630126E+01  0.10999615E+02
  0.33731330E+01  0.10908358E+02
  0.33832533E+01  0.10817516E+02
  0.33933737E+01  0.10727278E+02
  0.34034940E+01  0.10637828E+02
  0.34136144E+01  0.10549350E+02
  0.34237347E+01  0.10462018E+02
  0.34338551E+01  0.10376005E+02
  0.34439754E+01  0.10291473E+02
  0.34540958E+01  0.10208582E+02
  0.34642161E+01  0.10127479E+02
  0.34743365E+01  0.10048306E+02
  0.34844568E+01  0.99711933E+01
  0.34945772E+01  0.98962623E+01
  0.35046975E+01  0.98236240E+01
  0.35148179E+01  0.97533788E+01
  0.35249382E+01  0.96856160E+01
  0.35350586E+01  0.96204141E+01
  0.35451789E+01  0.95578408E+01
  0.35552993E+01  0.94979536E+01
  0.35654196E+01  0.94408009E+01
  0.35755400E+01  0.93864238E+01
  0.35856603E+01  0.93348590E+01
  0.35957807E+01  0.92861443E+01
  0.36059010E+01  0.92403290E+01
  0.36160214E+01  0.91974933E+01
  0.36261417E+01  0.91577905E+01
  0.36362621E+01  0.91215420E+01
  0.36463824E+01  0.90894492E+01
  0.36565028E+01  0.90629074E+01
  0.36666232E+01  0.90434223E+01
  0.36767435E+01  0.90297654E+01
  0.36868639E+01  0.90181281E+01
  0.36969842E+01  0.90056264E+01
  0.37071046E+01  0.89908935E+01
  0.37172249E+01  0.89734582E+01
  0.37273453E+01  0.89534031E+01
  0.37374656E+01  0.89312270E+01
  0.37475860E+01  0.89077570E+01
  0.37577063E+01  0.88840534E+01
  0.37678267E+01  0.88613018E+01
  0.37779470E+01  0.88407027E+01
  0.37880674E+01  0.88233727E+01
  0.37981877E+01  0.88102633E+01
  0.38083081E+01  0.88020986E+01
  0.38184284E+01  0.87993307E+01

  0.00000000E+00  0.13823821E+02
  0.10081144E-01  0.13824490E+02
  0.20162287E-01  0.13826473E+02
  0.30243431E-01  0.13829750E+02
  0.40324575E-01  0.13834287E+02
  0.50405718E-01  0.13840036E+02
  0.60486862E-01  0.13846937E+02
  0.70568006E-01  0.13854915E+02
  0.80649149E-01  0.13863885E+02
  0.90730293E-01  0.13873750E+02
  0.10081144E+00  0.13884401E+02
  0.11089258E+00  0.13895721E+02
  0.12097372E+00  0.13907583E+02
  0.13105487E+00  0.13919850E+02
  0.14113601E+00  0.13932378E+02
  0.15121715E+00  0.13945018E+02
  0.16129830E+00  0.13957614E+02
  0.17137944E+00  0.13970006E+02
  0.18146059E+00  0.13982029E+02
  0.19154173E+00  0.13993517E+02
  0.20162287E+00  0.14004301E+02
  0.21170402E+00  0.14014213E+02
  0.22178516E+00  0.14023083E+02
  0.23186630E+00  0.14030746E+02
  0.24194745E+00  0.14037035E+02
  0.25202859E+00  0.14041790E+02
  0.26210973E+00  0.14044852E+02
  0.27219088E+00  0.14046070E+02
  0.28227202E+00  0.14045296E+02
  0.29235317E+00  0.14042391E+02
  0.30243431E+00  0.14037221E+02
  0.31251545E+00  0.14029661E+02
  0.32259660E+00  0.14019595E+02
  0.33267774E+00  0.14006914E+02
  0.34275888E+00  0.13991522E+02
  0.35284003E+00  0.13973328E+02
  0.36292117E+00  0.13952256E+02
  0.37300231E+00  0.13928238E+02
  0.38308346E+00  0.13901216E+02
  0.39316460E+00  0.13871145E+02
  0.40324575E+00  0.13837990E+02
  0.41332689E+00  0.13801726E+02
  0.42340803E+00  0.13762341E+02
  0.43348918E+00  0.13719832E+02
  0.44357032E+00  0.13674208E+02
  0.45365146E+00  0.13625488E+02
  0.46373261E+00  0.13573702E+02
  0.47381375E+00  0.13518888E+02
  0.48389489E+00  0.13461097E+02
  0.49397604E+00  0.13400387E+02
  0.50405718E+00  0.13336825E+02
  0.51413833E+00  0.13270488E+02
  0.52421947E+00  0.13201460E+02
  0.53430061E+00  0.13129834E+02
  0.54438176E+00  0.13055709E+02
  0.55446290E+00  0.12979191E+02
  0.56454404E+00  0.12900392E+02
  0.57462519E+00  0.12819432E+02
  0.58470633E+00  0.12736432E+02
  0.59478747E+00  0.12651524E+02
  0.60486862E+00  0.12564838E+02
  0.61494976E+00  0.12476514E+02
  0.62503091E+00  0.12386692E+02
  0.63511205E+00  0.12295516E+02
  0.64519319E+00  0.12203136E+02
  0.65527434E+00  0.12109702E+02
  0.66535548E+00  0.12015367E+02
  0.67543662E+00  0.11920289E+02
  0.68551777E+00  0.11824628E+02
  0.69559891E+00  0.11728546E+02
  0.70568006E+00  0.11632210E+02
  0.71576120E+00  0.11535788E+02
  0.72584234E+00  0.11439456E+02
  0.73592349E+00  0.11343390E+02
  0.74600463E+00  0.11247775E+02
  0.75608577E+00  0.11152800E+02
  0.76616692E+00  0.11058664E+02
  0.77624806E+00  0.10965571E+02
  0.78632920E+00  0.10873738E+02
  0.79641035E+00  0.10783392E+02
  0.80649149E+00  0.10694772E+02
  0.81657264E+00  0.10608134E+02
  0.82665378E+00  0.10523746E+02
  0.83673492E+00  0.10441895E+02
  0.84681607E+00  0.10362882E+02
  0.85689721E+00  0.10287025E+02
  0.86697835E+00  0.10214652E+02
  0.87705950E+00  0.10146099E+02
  0.88714064E+00  0.10081700E+02
  0.89722178E+00  0.10021777E+02
  0.90730293E+00  0.99666278E+01
  0.91738407E+00  0.99165104E+01
  0.92746522E+00  0.98716287E+01
  0.93754636E+00  0.98321221E+01
  0.94762750E+00  0.97980606E+01
  0.95770865E+00  0.97694481E+01
  0.96778979E+00  0.97462338E+01
  0.97787093E+00  0.97283309E+01
  0.98795208E+00  0.97156389E+01
  0.99803322E+00  0.97080664E+01
  0.10081144E+01  0.97055504E+01
  0.10182367E+01  0.97075961E+01
  0.10283591E+01  0.97137160E+01
  0.10384814E+01  0.97238503E+01
  0.10486038E+01  0.97378996E+01
  0.10587261E+01  0.97557261E+01
  0.10688485E+01  0.97771549E+01
  0.10789708E+01  0.98019772E+01
  0.10890932E+01  0.98299537E+01
  0.10992155E+01  0.98608194E+01
  0.11093379E+01  0.98942886E+01
  0.11194602E+01  0.99300605E+01
  0.11295826E+01  0.99678242E+01
  0.11397049E+01  0.10007264E+02
  0.11498273E+01  0.10048062E+02
  0.11599496E+01  0.10089906E+02
  0.11700720E+01  0.10132488E+02
  0.11801943E+01  0.10175507E+02
  0.11903167E+01  0.10218673E+02
  0.12004390E+01  0.10261709E+02
  0.12105614E+01  0.10304348E+02
  0.12206837E+01  0.10346337E+02
  0.12308061E+01  0.10387438E+02
  0.12409284E+01  0.10427425E+02
  0.12510508E+01  0.10466089E+02
  0.12611731E+01  0.10503236E+02
  0.12712955E+01  0.10538686E+02
  0.12814178E+01  0.10572279E+02
  0.12915402E+01  0.10603872E+02
  0.13016625E+01  0.10633343E+02
  0.13117849E+01  0.10660594E+02
  0.13219072E+01  0.10685556E+02
  0.13320296E+01  0.10708195E+02
  0.13421519E+01  0.10728523E+02
  0.13522742E+01  0.10746621E+02
  0.13623966E+01  0.10762661E+02
  0.13725189E+01  0.10776964E+02
  0.13826413E+01  0.10790079E+02
  0.13927636E+01  0.10802924E+02
  0.14028860E+01  0.10816989E+02
  0.14130083E+01  0.10834534E+02
  0.14231307E+01  0.10858474E+02
  0.14332530E+01  0.10893702E+02
  0.14433754E+01  0.10963908E+02
  0.14534977E+01  0.11034297E+02
  0.14636201E+01  0.11104877E+02
  0.14737424E+01  0.11175665E+02
  0.14838648E+01  0.11246683E+02
  0.14939871E+01  0.11317959E+02
  0.15041095E+01  0.11389527E+02
  0.15142318E+01  0.11461424E+02
  0.15243542E+01  0.11533693E+02
  0.15344765E+01  0.11606380E+02
  0.15445989E+01  0.11679535E+02
  0.15547212E+01  0.11753211E+02
  0.15648436E+01  0.11827463E+02
  0.15749659E+01  0.11902349E+02
  0.15850883E+01  0.11977926E+02
  0.15952106E+01  0.12060248E+02
  0.16053330E+01  0.12149739E+02
  0.16154553E+01  0.12240498E+02
  0.16255777E+01  0.12332475E+02
  0.16357000E+01  0.12425620E+02
  0.16458224E+01  0.12519878E+02
  0.16559447E+01  0.12615191E+02
  0.16660671E+01  0.12711496E+02
  0.16761894E+01  0.12808727E+02
  0.16863118E+01  0.12906813E+02
  0.16964341E+01  0.13005678E+02
  0.17065565E+01  0.13105242E+02
  0.17166788E+01  0.13205420E+02
  0.17268012E+01  0.13306122E+02
  0.17369235E+01  0.13407254E+02
  0.17470459E+01  0.13508716E+02
  0.17571682E+01  0.13610406E+02
  0.17672906E+01  0.13712215E+02
  0.17774129E+01  0.13814030E+02
  0.17875353E+01  0.13915736E+02
  0.17976576E+01  0.14017213E+02
  0.18077800E+01  0.14118335E+02
  0.18179023E+01  0.14218976E+02
  0.18280247E+01  0.14319004E+02
  0.18381470E+01  0.14418286E+02
  0.18482694E+01  0.14516685E+02
  0.18583917E+01  0.14614062E+02
  0.18685141E+01  0.14710276E+02
  0.18786364E+01  0.14805183E+02
  0.18887588E+01  0.14898640E+02
  0.18988811E+01  0.14990501E+02
  0.19090035E+01  0.15080621E+02
  0.19191258E+01  0.15168852E+02
  0.19292482E+01  0.15255050E+02
  0.19393705E+01  0.15339069E+02
  0.19494929E+01  0.15420765E+02
  0.19596152E+01  0.15499996E+02
  0.19697376E+01  0.15576621E+02
  0.19798599E+01  0.15650502E+02
  0.19899823E+01  0.15721506E+02
  0.20001046E+01  0.15789499E+02
  0.20102270E+01  0.15854356E+02
  0.20203493E+01  0.15915952E+02
  0.20304717E+01  0.15974170E+02
  0.20405940E+01  0.16028896E+02
  0.20507164E+01  0.16080024E+02
  0.20608387E+01  0.16127452E+02
  0.20709611E+01  0.16171087E+02
  0.20810834E+01  0.16210839E+02
  0.20912058E+01  0.16246629E+02
  0.21013281E+01  0.16278384E+02
  0.21114505E+01  0.16306039E+02
  0.21215728E+01  0.16329537E+02
  0.21316952E+01  0.16348830E+02
  0.21418175E+01  0.16363877E+02
  0.21519399E+01  0.16374647E+02
  0.21620622E+01  0.16381117E+02
  0.21721846E+01  0.16383275E+02
  0.21721846E+01  0.16383275E+02
  0.21822226E+01  0.16380957E+02
  0.21922607E+01  0.16374001E+02
  0.22022988E+01  0.16362425E+02
  0.22123369E+01  0.16346261E+02
  0.22223749E+01  0.16325553E+02
  0.22324130E+01  0.16300356E+02
  0.22424511E+01  0.16270740E+02
  0.22524891E+01  0.16236783E+02
  0.22625272E+01  0.16198576E+02
  0.22725653E+01  0.16156221E+02
  0.22826034E+01  0.16109831E+02
  0.22926414E+01  0.16059529E+02
  0.23026795E+01  0.16005446E+02
  0.23127176E+01  0.15947723E+02
  0.23227556E+01  0.15886510E+02
  0.23327937E+01  0.15821963E+02
  0.23428318E+01  0.15754247E+02
  0.23528699E+01  0.15683533E+02
  0.23629079E+01  0.15609996E+02
  0.23729460E+01  0.15533817E+02
  0.23829841E+01  0.15455183E+02
  0.23930222E+01  0.15374280E+02
  0.24030602E+01  0.15291300E+02
  0.24130983E+01  0.15206436E+02
  0.24231364E+01  0.15119882E+02
  0.24331744E+01  0.15031832E+02
  0.24432125E+01  0.14942478E+02
  0.24532506E+01  0.14852013E+02
  0.24632887E+01  0.14760626E+02
  0.24733267E+01  0.14668504E+02
  0.24833648E+01  0.14575829E+02
  0.24934029E+01  0.14482779E+02
  0.25034410E+01  0.14389529E+02
  0.25134790E+01  0.14298883E+02
  0.25235171E+01  0.14227745E+02
  0.25335552E+01  0.14158876E+02
  0.25435932E+01  0.14092366E+02
  0.25536313E+01  0.14028287E+02
  0.25636694E+01  0.13966688E+02
  0.25737075E+01  0.13907595E+02
  0.25837455E+01  0.13851013E+02
  0.25938659E+01  0.13796495E+02
  0.26039862E+01  0.13744478E+02
  0.26141066E+01  0.13694910E+02
  0.26242269E+01  0.13647717E+02
  0.26343473E+01  0.13602815E+02
  0.26444676E+01  0.13560102E+02
  0.26545880E+01  0.13519468E+02
  0.26647083E+01  0.13480793E+02
  0.26748287E+01  0.13443954E+02
  0.26849490E+01  0.13408825E+02
  0.26950694E+01  0.13375281E+02
  0.27051897E+01  0.13343207E+02
  0.27153101E+01  0.13312498E+02
  0.27254305E+01  0.13283072E+02
  0.27355508E+01  0.13254876E+02
  0.27456712E+01  0.13227898E+02
  0.27557915E+01  0.13202188E+02
  0.27659119E+01  0.13177879E+02
  0.27760322E+01  0.13155220E+02
  0.27861526E+01  0.13134614E+02
  0.27962729E+01  0.13116664E+02
  0.28063933E+01  0.13102180E+02
  0.28165136E+01  0.13092112E+02
  0.28266340E+01  0.13087310E+02
  0.28367543E+01  0.13088142E+02
  0.28468747E+01  0.13094208E+02
  0.28569950E+01  0.13104414E+02
  0.28671154E+01  0.13117368E+02
  0.28772357E+01  0.13131744E+02
  0.28873561E+01  0.13146463E+02
  0.28974764E+01  0.13160708E+02
  0.29075968E+01  0.13173876E+02
  0.29177171E+01  0.13185524E+02
  0.29278375E+01  0.13195319E+02
  0.29379578E+01  0.13203003E+02
  0.29480782E+01  0.13208371E+02
  0.29581985E+01  0.13211256E+02
  0.29683189E+01  0.13211518E+02
  0.29784392E+01  0.13209037E+02
  0.29885596E+01  0.13203709E+02
  0.29986799E+01  0.13195445E+02
  0.30088003E+01  0.13184164E+02
  0.30189206E+01  0.13169801E+02
  0.30290410E+01  0.13152295E+02
  0.30391614E+01  0.13131599E+02
  0.30492817E+01  0.13107674E+02
  0.30594021E+01  0.13080491E+02
  0.30695224E+01  0.13050029E+02
  0.30796428E+01  0.13016278E+02
  0.30897631E+01  0.12979240E+02
  0.30998835E+01  0.12938923E+02
  0.31100038E+01  0.12895349E+02
  0.31201242E+01  0.12848549E+02
  0.31302445E+01  0.12798563E+02
  0.31403649E+01  0.12745445E+02
  0.31504852E+01  0.12689259E+02
  0.31606056E+01  0.12630079E+02
  0.31707259E+01  0.12567996E+02
  0.31808463E+01  0.12503112E+02
  0.31909666E+01  0.12435558E+02
  0.32010870E+01  0.12365502E+02
  0.32112073E+01  0.12293234E+02
  0.32213277E+01  0.12219560E+02
  0.32314480E+01  0.12151043E+02
  0.32415684E+01  0.12129139E+02
  0.32516887E+01  0.12128010E+02
  0.32618091E+01  0.12128254E+02
  0.32719294E+01  0.12128135E+02
  0.32820498E+01  0.12127108E+02
  0.32921701E+01  0.12124826E+02
  0.33022905E+01  0.12120998E+02
  0.33124108E+01  0.12115357E+02
  0.33225312E+01  0.12107661E+02
  0.33326515E+01  0.12097678E+02
  0.33427719E+01  0.12085196E+02
  0.33528923E+01  0.12070019E+02
  0.33630126E+01  0.12051969E+02
  0.33731330E+01  0.12030886E+02
  0.33832533E+01  0.12006630E+02
  0.33933737E+01  0.11979081E+02
  0.34034940E+01  0.11948142E+02
  0.34136144E+01  0.11913735E+02
  0.34237347E+01  0.11875807E+02
  0.34338551E+01  0.11834324E+02
  0.34439754E+01  0.11789279E+02
  0.34540958E+01  0.11740684E+02
  0.34642161E+01  0.11688576E+02
  0.34743365E+01  0.11633016E+02
  0.34844568E+01  0.11574088E+02
  0.34945772E+01  0.11511898E+02
  0.35046975E+01  0.11446577E+02
  0.35148179E+01  0.11378282E+02
  0.35249382E+01  0.11307190E+02
  0.35350586E+01  0.11233509E+02
  0.35451789E+01  0.11157468E+02
  0.35552993E+01  0.11079325E+02
  0.35654196E+01  0.10999366E+02
  0.35755400E+01  0.10917909E+02
  0.35856603E+01  0.10835303E+02
  0.35957807E+01  0.10751933E+02
  0.36059010E+01  0.10668223E+02
  0.36160214E+01  0.10584639E+02
  0.36261417E+01  0.10501694E+02
  0.36362621E+01  0.10419953E+02
  0.36463824E+01  0.10340031E+02
  0.36565028E+01  0.10262594E+02
  0.36666232E+01  0.10188354E+02
  0.36767435E+01  0.10118049E+02
  0.36868639E+01  0.10052413E+02
  0.36969842E+01  0.99921319E+01
  0.37071046E+01  0.99377808E+01
  0.37172249E+01  0.98897600E+01
  0.37273453E+01  0.98482392E+01
  0.37374656E+01  0.98131339E+01
  0.37475860E+01  0.97841220E+01
  0.37577063E+01  0.97607007E+01
  0.37678267E+01  0.97422659E+01
  0.37779470E+01  0.97281930E+01
  0.37880674E+01  0.97179044E+01
  0.37981877E+01  0.97109173E+01
  0.38083081E+01  0.97068726E+01
  0.38184284E+01  0.97055504E+01
