  0.00000000E+00 -0.34309754E+01
  0.10081144E-01 -0.34329925E+01
  0.20162287E-01 -0.34390162E+01
  0.30243431E-01 -0.34489493E+01
  0.40324575E-01 -0.34626361E+01
  0.50405718E-01 -0.34798708E+01
  0.60486862E-01 -0.35004083E+01
  0.70568006E-01 -0.35239750E+01
  0.80649149E-01 -0.35502805E+01
  0.90730293E-01 -0.35790272E+01
  0.10081144E+00 -0.36099191E+01
  0.11089258E+00 -0.36426686E+01
  0.12097372E+00 -0.36770019E+01
  0.13105487E+00 -0.37126622E+01
  0.14113601E+00 -0.37494122E+01
  0.15121715E+00 -0.37870351E+01
  0.16129830E+00 -0.38253347E+01
  0.17137944E+00 -0.38641355E+01
  0.18146059E+00 -0.39032814E+01
  0.19154173E+00 -0.39426349E+01
  0.20162287E+00 -0.39820759E+01
  0.21170402E+00 -0.40215004E+01
  0.22178516E+00 -0.40608188E+01
  0.23186630E+00 -0.40999551E+01
  0.24194745E+00 -0.41388453E+01
  0.25202859E+00 -0.41774364E+01
  0.26210973E+00 -0.42156848E+01
  0.27219088E+00 -0.42535560E+01
  0.28227202E+00 -0.42910229E+01
  0.29235317E+00 -0.43280652E+01
  0.30243431E+00 -0.43646687E+01
  0.31251545E+00 -0.44008239E+01
  0.32259660E+00 -0.44365261E+01
  0.33267774E+00 -0.44717742E+01
  0.34275888E+00 -0.45065700E+01
  0.35284003E+00 -0.45409181E+01
  0.36292117E+00 -0.45748251E+01
  0.37300231E+00 -0.46082989E+01
  0.38308346E+00 -0.46413489E+01
  0.39316460E+00 -0.46739849E+01
  0.40324575E+00 -0.47062172E+01
  0.41332689E+00 -0.47380563E+01
  0.42340803E+00 -0.47695124E+01
  0.43348918E+00 -0.48005950E+01
  0.44357032E+00 -0.48313134E+01
  0.45365146E+00 -0.48616755E+01
  0.46373261E+00 -0.48916887E+01
  0.47381375E+00 -0.49213588E+01
  0.48389489E+00 -0.49506906E+01
  0.49397604E+00 -0.49796876E+01
  0.50405718E+00 -0.50083518E+01
  0.51413833E+00 -0.50366837E+01
  0.52421947E+00 -0.50646827E+01
  0.53430061E+00 -0.50923464E+01
  0.54438176E+00 -0.51196712E+01
  0.55446290E+00 -0.51466522E+01
  0.56454404E+00 -0.51732831E+01
  0.57462519E+00 -0.51995562E+01
  0.58470633E+00 -0.52254630E+01
  0.59478747E+00 -0.52509936E+01
  0.60486862E+00 -0.52761373E+01
  0.61494976E+00 -0.53008826E+01
  0.62503091E+00 -0.53252170E+01
  0.63511205E+00 -0.53491274E+01
  0.64519319E+00 -0.53726004E+01
  0.65527434E+00 -0.53956218E+01
  0.66535548E+00 -0.54181773E+01
  0.67543662E+00 -0.54402523E+01
  0.68551777E+00 -0.54618322E+01
  0.69559891E+00 -0.54829022E+01
  0.70568006E+00 -0.55034477E+01
  0.71576120E+00 -0.55234543E+01
  0.72584234E+00 -0.55429078E+01
  0.73592349E+00 -0.55617943E+01
  0.74600463E+00 -0.55801003E+01
  0.75608577E+00 -0.55978129E+01
  0.76616692E+00 -0.56149195E+01
  0.77624806E+00 -0.56314083E+01
  0.78632920E+00 -0.56472679E+01
  0.79641035E+00 -0.56624876E+01
  0.80649149E+00 -0.56770573E+01
  0.81657264E+00 -0.56909676E+01
  0.82665378E+00 -0.57042096E+01
  0.83673492E+00 -0.57167753E+01
  0.84681607E+00 -0.57286573E+01
  0.85689721E+00 -0.57398486E+01
  0.86697835E+00 -0.57503430E+01
  0.87705950E+00 -0.57601350E+01
  0.88714064E+00 -0.57692193E+01
  0.89722178E+00 -0.57775916E+01
  0.90730293E+00 -0.57852478E+01
  0.91738407E+00 -0.57921844E+01
  0.92746522E+00 -0.57983982E+01
  0.93754636E+00 -0.58038867E+01
  0.94762750E+00 -0.58086476E+01
  0.95770865E+00 -0.58126788E+01
  0.96778979E+00 -0.58159790E+01
  0.97787093E+00 -0.58185468E+01
  0.98795208E+00 -0.58203813E+01
  0.99803322E+00 -0.58214818E+01
  0.10081144E+01 -0.58218480E+01
  0.10182367E+01 -0.58214639E+01
  0.10283591E+01 -0.58203188E+01
  0.10384814E+01 -0.58184136E+01
  0.10486038E+01 -0.58157497E+01
  0.10587261E+01 -0.58123293E+01
  0.10688485E+01 -0.58081550E+01
  0.10789708E+01 -0.58032301E+01
  0.10890932E+01 -0.57975582E+01
  0.10992155E+01 -0.57911438E+01
  0.11093379E+01 -0.57839916E+01
  0.11194602E+01 -0.57761071E+01
  0.11295826E+01 -0.57674959E+01
  0.11397049E+01 -0.57581643E+01
  0.11498273E+01 -0.57481191E+01
  0.11599496E+01 -0.57373672E+01
  0.11700720E+01 -0.57259160E+01
  0.11801943E+01 -0.57137732E+01
  0.11903167E+01 -0.57009467E+01
  0.12004390E+01 -0.56874448E+01
  0.12105614E+01 -0.56732759E+01
  0.12206837E+01 -0.56584485E+01
  0.12308061E+01 -0.56429711E+01
  0.12409284E+01 -0.56268526E+01
  0.12510508E+01 -0.56101015E+01
  0.12611731E+01 -0.55927265E+01
  0.12712955E+01 -0.55747361E+01
  0.12814178E+01 -0.55561387E+01
  0.12915402E+01 -0.55369426E+01
  0.13016625E+01 -0.55171556E+01
  0.13117849E+01 -0.54967853E+01
  0.13219072E+01 -0.54758392E+01
  0.13320296E+01 -0.54543240E+01
  0.13421519E+01 -0.54322462E+01
  0.13522742E+01 -0.54096119E+01
  0.13623966E+01 -0.53864265E+01
  0.13725189E+01 -0.53626950E+01
  0.13826413E+01 -0.53384216E+01
  0.13927636E+01 -0.53136102E+01
  0.14028860E+01 -0.52882638E+01
  0.14130083E+01 -0.52623848E+01
  0.14231307E+01 -0.52359752E+01
  0.14332530E+01 -0.52090360E+01
  0.14433754E+01 -0.51815676E+01
  0.14534977E+01 -0.51535700E+01
  0.14636201E+01 -0.51250420E+01
  0.14737424E+01 -0.50959824E+01
  0.14838648E+01 -0.50663889E+01
  0.14939871E+01 -0.50362589E+01
  0.15041095E+01 -0.50055889E+01
  0.15142318E+01 -0.49743752E+01
  0.15243542E+01 -0.49426135E+01
  0.15344765E+01 -0.49102990E+01
  0.15445989E+01 -0.48774266E+01
  0.15547212E+01 -0.48439907E+01
  0.15648436E+01 -0.48099855E+01
  0.15749659E+01 -0.47754050E+01
  0.15850883E+01 -0.47402430E+01
  0.15952106E+01 -0.47044930E+01
  0.16053330E+01 -0.46681487E+01
  0.16154553E+01 -0.46312037E+01
  0.16255777E+01 -0.45936514E+01
  0.16357000E+01 -0.45554855E+01
  0.16458224E+01 -0.45167000E+01
  0.16559447E+01 -0.44772887E+01
  0.16660671E+01 -0.44372460E+01
  0.16761894E+01 -0.43965663E+01
  0.16863118E+01 -0.43552444E+01
  0.16964341E+01 -0.43132755E+01
  0.17065565E+01 -0.42706551E+01
  0.17166788E+01 -0.42273791E+01
  0.17268012E+01 -0.41834439E+01
  0.17369235E+01 -0.41388462E+01
  0.17470459E+01 -0.40935832E+01
  0.17571682E+01 -0.40476526E+01
  0.17672906E+01 -0.40010524E+01
  0.17774129E+01 -0.39537812E+01
  0.17875353E+01 -0.39058380E+01
  0.17976576E+01 -0.38572221E+01
  0.18077800E+01 -0.38079336E+01
  0.18179023E+01 -0.37579726E+01
  0.18280247E+01 -0.37073399E+01
  0.18381470E+01 -0.36560364E+01
  0.18482694E+01 -0.36040637E+01
  0.18583917E+01 -0.35514236E+01
  0.18685141E+01 -0.34981181E+01
  0.18786364E+01 -0.34441498E+01
  0.18887588E+01 -0.33895214E+01
  0.18988811E+01 -0.33342359E+01
  0.19090035E+01 -0.32782966E+01
  0.19191258E+01 -0.32217071E+01
  0.19292482E+01 -0.31644711E+01
  0.19393705E+01 -0.31065927E+01
  0.19494929E+01 -0.30480760E+01
  0.19596152E+01 -0.29889254E+01
  0.19697376E+01 -0.29291455E+01
  0.19798599E+01 -0.28687411E+01
  0.19899823E+01 -0.28077170E+01
  0.20001046E+01 -0.27460784E+01
  0.20102270E+01 -0.26838304E+01
  0.20203493E+01 -0.26209784E+01
  0.20304717E+01 -0.25575281E+01
  0.20405940E+01 -0.24934852E+01
  0.20507164E+01 -0.24288555E+01
  0.20608387E+01 -0.23636451E+01
  0.20709611E+01 -0.22978605E+01
  0.20810834E+01 -0.22315079E+01
  0.20912058E+01 -0.21645943E+01
  0.21013281E+01 -0.20971264E+01
  0.21114505E+01 -0.20291117E+01
  0.21215728E+01 -0.19605576E+01
  0.21316952E+01 -0.18914719E+01
  0.21418175E+01 -0.18218629E+01
  0.21519399E+01 -0.17517391E+01
  0.21620622E+01 -0.16811096E+01
  0.21721846E+01 -0.16099837E+01
  0.21721846E+01 -0.16099837E+01
  0.21822226E+01 -0.16104119E+01
  0.21922607E+01 -0.16107693E+01
  0.22022988E+01 -0.16111925E+01
  0.22123369E+01 -0.16117403E+01
  0.22223749E+01 -0.16124427E+01
  0.22324130E+01 -0.16133215E+01
  0.22424511E+01 -0.16143980E+01
  0.22524891E+01 -0.16156948E+01
  0.22625272E+01 -0.16172373E+01
  0.22725653E+01 -0.16190534E+01
  0.22826034E+01 -0.16211740E+01
  0.22926414E+01 -0.16236326E+01
  0.23026795E+01 -0.16264657E+01
  0.23127176E+01 -0.16297120E+01
  0.23227556E+01 -0.16334129E+01
  0.23327937E+01 -0.16376119E+01
  0.23428318E+01 -0.16423541E+01
  0.23528699E+01 -0.16476867E+01
  0.23629079E+01 -0.16536579E+01
  0.23729460E+01 -0.16603168E+01
  0.23829841E+01 -0.16677131E+01
  0.23930222E+01 -0.16758964E+01
  0.24030602E+01 -0.16849159E+01
  0.24130983E+01 -0.16948200E+01
  0.24231364E+01 -0.17056555E+01
  0.24331744E+01 -0.17174671E+01
  0.24432125E+01 -0.17302972E+01
  0.24532506E+01 -0.17441850E+01
  0.24632887E+01 -0.17591662E+01
  0.24733267E+01 -0.17752725E+01
  0.24833648E+01 -0.17925312E+01
  0.24934029E+01 -0.18109648E+01
  0.25034410E+01 -0.18305909E+01
  0.25134790E+01 -0.18514218E+01
  0.25235171E+01 -0.18734643E+01
  0.25335552E+01 -0.18967201E+01
  0.25435932E+01 -0.19211854E+01
  0.25536313E+01 -0.19468513E+01
  0.25636694E+01 -0.19737036E+01
  0.25737075E+01 -0.20017238E+01
  0.25837455E+01 -0.20308886E+01
  0.25938659E+01 -0.20614236E+01
  0.26039862E+01 -0.20930629E+01
  0.26141066E+01 -0.21257714E+01
  0.26242269E+01 -0.21595114E+01
  0.26343473E+01 -0.21942426E+01
  0.26444676E+01 -0.22299228E+01
  0.26545880E+01 -0.22665083E+01
  0.26647083E+01 -0.23039541E+01
  0.26748287E+01 -0.23422147E+01
  0.26849490E+01 -0.23812438E+01
  0.26950694E+01 -0.24209953E+01
  0.27051897E+01 -0.24614232E+01
  0.27153101E+01 -0.25024816E+01
  0.27254305E+01 -0.25441257E+01
  0.27355508E+01 -0.25863109E+01
  0.27456712E+01 -0.26289939E+01
  0.27557915E+01 -0.26721323E+01
  0.27659119E+01 -0.27156846E+01
  0.27760322E+01 -0.27596108E+01
  0.27861526E+01 -0.28038717E+01
  0.27962729E+01 -0.28484298E+01
  0.28063933E+01 -0.28932483E+01
  0.28165136E+01 -0.29382921E+01
  0.28266340E+01 -0.29835271E+01
  0.28367543E+01 -0.30289204E+01
  0.28468747E+01 -0.30744403E+01
  0.28569950E+01 -0.31200565E+01
  0.28671154E+01 -0.31657395E+01
  0.28772357E+01 -0.32114610E+01
  0.28873561E+01 -0.32571938E+01
  0.28974764E+01 -0.33029119E+01
  0.29075968E+01 -0.33485898E+01
  0.29177171E+01 -0.33942035E+01
  0.29278375E+01 -0.34397297E+01
  0.29379578E+01 -0.34851458E+01
  0.29480782E+01 -0.35304303E+01
  0.29581985E+01 -0.35755625E+01
  0.29683189E+01 -0.36205225E+01
  0.29784392E+01 -0.36652912E+01
  0.29885596E+01 -0.37098501E+01
  0.29986799E+01 -0.37541818E+01
  0.30088003E+01 -0.37982693E+01
  0.30189206E+01 -0.38420964E+01
  0.30290410E+01 -0.38856478E+01
  0.30391614E+01 -0.39289087E+01
  0.30492817E+01 -0.39718651E+01
  0.30594021E+01 -0.40145036E+01
  0.30695224E+01 -0.40568115E+01
  0.30796428E+01 -0.40987768E+01
  0.30897631E+01 -0.41403882E+01
  0.30998835E+01 -0.41816350E+01
  0.31100038E+01 -0.42225071E+01
  0.31201242E+01 -0.42629951E+01
  0.31302445E+01 -0.43030902E+01
  0.31403649E+01 -0.43427843E+01
  0.31504852E+01 -0.43820696E+01
  0.31606056E+01 -0.44209393E+01
  0.31707259E+01 -0.44593868E+01
  0.31808463E+01 -0.44974061E+01
  0.31909666E+01 -0.45349917E+01
  0.32010870E+01 -0.45721387E+01
  0.32112073E+01 -0.46088425E+01
  0.32213277E+01 -0.46450988E+01
  0.32314480E+01 -0.46809038E+01
  0.32415684E+01 -0.47162539E+01
  0.32516887E+01 -0.47511458E+01
  0.32618091E+01 -0.47855765E+01
  0.32719294E+01 -0.48195430E+01
  0.32820498E+01 -0.48530424E+01
  0.32921701E+01 -0.48860722E+01
  0.33022905E+01 -0.49186294E+01
  0.33124108E+01 -0.49507114E+01
  0.33225312E+01 -0.49823154E+01
  0.33326515E+01 -0.50134384E+01
  0.33427719E+01 -0.50440772E+01
  0.33528923E+01 -0.50742285E+01
  0.33630126E+01 -0.51038889E+01
  0.33731330E+01 -0.51330544E+01
  0.33832533E+01 -0.51617209E+01
  0.33933737E+01 -0.51898840E+01
  0.34034940E+01 -0.52175389E+01
  0.34136144E+01 -0.52446804E+01
  0.34237347E+01 -0.52713030E+01
  0.34338551E+01 -0.52974008E+01
  0.34439754E+01 -0.53229675E+01
  0.34540958E+01 -0.53479966E+01
  0.34642161E+01 -0.53724810E+01
  0.34743365E+01 -0.53964133E+01
  0.34844568E+01 -0.54197860E+01
  0.34945772E+01 -0.54425911E+01
  0.35046975E+01 -0.54648202E+01
  0.35148179E+01 -0.54864650E+01
  0.35249382E+01 -0.55075168E+01
  0.35350586E+01 -0.55279666E+01
  0.35451789E+01 -0.55478054E+01
  0.35552993E+01 -0.55670240E+01
  0.35654196E+01 -0.55856133E+01
  0.35755400E+01 -0.56035641E+01
  0.35856603E+01 -0.56208670E+01
  0.35957807E+01 -0.56375129E+01
  0.36059010E+01 -0.56534927E+01
  0.36160214E+01 -0.56687975E+01
  0.36261417E+01 -0.56834184E+01
  0.36362621E+01 -0.56973469E+01
  0.36463824E+01 -0.57105745E+01
  0.36565028E+01 -0.57230933E+01
  0.36666232E+01 -0.57348954E+01
  0.36767435E+01 -0.57459734E+01
  0.36868639E+01 -0.57563202E+01
  0.36969842E+01 -0.57659291E+01
  0.37071046E+01 -0.57747938E+01
  0.37172249E+01 -0.57829083E+01
  0.37273453E+01 -0.57902674E+01
  0.37374656E+01 -0.57968660E+01
  0.37475860E+01 -0.58026997E+01
  0.37577063E+01 -0.58077645E+01
  0.37678267E+01 -0.58120569E+01
  0.37779470E+01 -0.58155739E+01
  0.37880674E+01 -0.58183132E+01
  0.37981877E+01 -0.58202728E+01
  0.38083081E+01 -0.58214513E+01
  0.38184284E+01 -0.58218480E+01

  0.00000000E+00 -0.82982321E+00
  0.10081144E-01 -0.82690092E+00
  0.20162287E-01 -0.81816423E+00
  0.30243431E-01 -0.80371830E+00
  0.40324575E-01 -0.78373209E+00
  0.50405718E-01 -0.75842967E+00
  0.60486862E-01 -0.72807957E+00
  0.70568006E-01 -0.69298337E+00
  0.80649149E-01 -0.65346430E+00
  0.90730293E-01 -0.60985694E+00
  0.10081144E+00 -0.56249833E+00
  0.11089258E+00 -0.51172070E+00
  0.12097372E+00 -0.45784604E+00
  0.13105487E+00 -0.40118210E+00
  0.14113601E+00 -0.34201978E+00
  0.15121715E+00 -0.28063161E+00
  0.16129830E+00 -0.21727104E+00
  0.17137944E+00 -0.15217231E+00
  0.18146059E+00 -0.85550793E-01
  0.19154173E+00 -0.17603604E-01
  0.20162287E+00  0.51489668E-01
  0.21170402E+00  0.12156610E+00
  0.22178516E+00  0.19247855E+00
  0.23186630E+00  0.26409480E+00
  0.24194745E+00  0.33629675E+00
  0.25202859E+00  0.40897955E+00
  0.26210973E+00  0.48205093E+00
  0.27219088E+00  0.55543049E+00
  0.28227202E+00  0.62904900E+00
  0.29235317E+00  0.70284786E+00
  0.30243431E+00  0.77677848E+00
  0.31251545E+00  0.85080176E+00
  0.32259660E+00  0.92488755E+00
  0.33267774E+00  0.99901414E+00
  0.34275888E+00  0.10731678E+01
  0.35284003E+00  0.11473423E+01
  0.36292117E+00  0.12215383E+01
  0.37300231E+00  0.12957631E+01
  0.38308346E+00  0.13700300E+01
  0.39316460E+00  0.14443578E+01
  0.40324575E+00  0.15187704E+01
  0.41332689E+00  0.15932963E+01
  0.42340803E+00  0.16679679E+01
  0.43348918E+00  0.17428213E+01
  0.44357032E+00  0.18178958E+01
  0.45365146E+00  0.18932329E+01
  0.46373261E+00  0.19688763E+01
  0.47381375E+00  0.20448712E+01
  0.48389489E+00  0.21212639E+01
  0.49397604E+00  0.21981009E+01
  0.50405718E+00  0.22754288E+01
  0.51413833E+00  0.23532938E+01
  0.52421947E+00  0.24317408E+01
  0.53430061E+00  0.25108133E+01
  0.54438176E+00  0.25905529E+01
  0.55446290E+00  0.26709984E+01
  0.56454404E+00  0.27521861E+01
  0.57462519E+00  0.28341486E+01
  0.58470633E+00  0.29169148E+01
  0.59478747E+00  0.30005096E+01
  0.60486862E+00  0.30849531E+01
  0.61494976E+00  0.31702604E+01
  0.62503091E+00  0.32564414E+01
  0.63511205E+00  0.33435004E+01
  0.64519319E+00  0.34314355E+01
  0.65527434E+00  0.35202383E+01
  0.66535548E+00  0.36098941E+01
  0.67543662E+00  0.37003807E+01
  0.68551777E+00  0.37916687E+01
  0.69559891E+00  0.38837208E+01
  0.70568006E+00  0.39764914E+01
  0.71576120E+00  0.40699263E+01
  0.72584234E+00  0.41639620E+01
  0.73592349E+00  0.42585253E+01
  0.74600463E+00  0.43535322E+01
  0.75608577E+00  0.44488877E+01
  0.76616692E+00  0.45444846E+01
  0.77624806E+00  0.46402020E+01
  0.78632920E+00  0.47359048E+01
  0.79641035E+00  0.48314415E+01
  0.80649149E+00  0.49266427E+01
  0.81657264E+00  0.50213189E+01
  0.82665378E+00  0.51152580E+01
  0.83673492E+00  0.52082227E+01
  0.84681607E+00  0.52999470E+01
  0.85689721E+00  0.53901326E+01
  0.86697835E+00  0.54784449E+01
  0.87705950E+00  0.55645091E+01
  0.88714064E+00  0.56479052E+01
  0.89722178E+00  0.57281649E+01
  0.90730293E+00  0.58047678E+01
  0.91738407E+00  0.58771406E+01
  0.92746522E+00  0.59446583E+01
  0.93754636E+00  0.60066497E+01
  0.94762750E+00  0.60624089E+01
  0.95770865E+00  0.61112142E+01
  0.96778979E+00  0.61523544E+01
  0.97787093E+00  0.61851637E+01
  0.98795208E+00  0.62090619E+01
  0.99803322E+00  0.62235956E+01
  0.10081144E+01  0.62285135E+01
  0.10182367E+01  0.62251292E+01
  0.10283591E+01  0.62158555E+01
  0.10384814E+01  0.62004410E+01
  0.10486038E+01  0.61791379E+01
  0.10587261E+01  0.61522274E+01
  0.10688485E+01  0.61200396E+01
  0.10789708E+01  0.60829433E+01
  0.10890932E+01  0.60413317E+01
  0.10992155E+01  0.59956099E+01
  0.11093379E+01  0.59461833E+01
  0.11194602E+01  0.58934484E+01
  0.11295826E+01  0.58377860E+01
  0.11397049E+01  0.57795557E+01
  0.11498273E+01  0.57190933E+01
  0.11599496E+01  0.56567085E+01
  0.11700720E+01  0.55926845E+01
  0.11801943E+01  0.55272780E+01
  0.11903167E+01  0.54607200E+01
  0.12004390E+01  0.53932172E+01
  0.12105614E+01  0.53249531E+01
  0.12206837E+01  0.52560895E+01
  0.12308061E+01  0.51867685E+01
  0.12409284E+01  0.51171135E+01
  0.12510508E+01  0.50472313E+01
  0.12611731E+01  0.49772132E+01
  0.12712955E+01  0.49071363E+01
  0.12814178E+01  0.48370651E+01
  0.12915402E+01  0.47670524E+01
  0.13016625E+01  0.46971406E+01
  0.13117849E+01  0.46273627E+01
  0.13219072E+01  0.45577431E+01
  0.13320296E+01  0.44882984E+01
  0.13421519E+01  0.44190388E+01
  0.13522742E+01  0.43499680E+01
  0.13623966E+01  0.42810844E+01
  0.13725189E+01  0.42123818E+01
  0.13826413E+01  0.41438497E+01
  0.13927636E+01  0.40754739E+01
  0.14028860E+01  0.40072373E+01
  0.14130083E+01  0.39391200E+01
  0.14231307E+01  0.38711000E+01
  0.14332530E+01  0.38031536E+01
  0.14433754E+01  0.37352555E+01
  0.14534977E+01  0.36673798E+01
  0.14636201E+01  0.35994995E+01
  0.14737424E+01  0.35315874E+01
  0.14838648E+01  0.34636162E+01
  0.14939871E+01  0.33955588E+01
  0.15041095E+01  0.33273885E+01
  0.15142318E+01  0.32590792E+01
  0.15243542E+01  0.31906056E+01
  0.15344765E+01  0.31219435E+01
  0.15445989E+01  0.30530697E+01
  0.15547212E+01  0.29839624E+01
  0.15648436E+01  0.29146012E+01
  0.15749659E+01  0.28449670E+01
  0.15850883E+01  0.27750424E+01
  0.15952106E+01  0.27048118E+01
  0.16053330E+01  0.26342610E+01
  0.16154553E+01  0.25633778E+01
  0.16255777E+01  0.24921515E+01
  0.16357000E+01  0.24205733E+01
  0.16458224E+01  0.23486361E+01
  0.16559447E+01  0.22763347E+01
  0.16660671E+01  0.22036656E+01
  0.16761894E+01  0.21306269E+01
  0.16863118E+01  0.20572185E+01
  0.16964341E+01  0.19834420E+01
  0.17065565E+01  0.19093007E+01
  0.17166788E+01  0.18347995E+01
  0.17268012E+01  0.17599448E+01
  0.17369235E+01  0.16847446E+01
  0.17470459E+01  0.16092084E+01
  0.17571682E+01  0.15333471E+01
  0.17672906E+01  0.14571731E+01
  0.17774129E+01  0.13807001E+01
  0.17875353E+01  0.13039430E+01
  0.17976576E+01  0.12269182E+01
  0.18077800E+01  0.11496431E+01
  0.18179023E+01  0.10721361E+01
  0.18280247E+01  0.99441700E+00
  0.18381470E+01  0.91650624E+00
  0.18482694E+01  0.83842531E+00
  0.18583917E+01  0.76019648E+00
  0.18685141E+01  0.68184272E+00
  0.18786364E+01  0.60338763E+00
  0.18887588E+01  0.52485534E+00
  0.18988811E+01  0.44627039E+00
  0.19090035E+01  0.36765763E+00
  0.19191258E+01  0.28904214E+00
  0.19292482E+01  0.21044911E+00
  0.19393705E+01  0.13190370E+00
  0.19494929E+01  0.53430988E-01
  0.19596152E+01 -0.24944134E-01
  0.19697376E+01 -0.10319709E+00
  0.19798599E+01 -0.18130366E+00
  0.19899823E+01 -0.25924011E+00
  0.20001046E+01 -0.33698324E+00
  0.20102270E+01 -0.41451042E+00
  0.20203493E+01 -0.49179971E+00
  0.20304717E+01 -0.56882986E+00
  0.20405940E+01 -0.64558036E+00
  0.20507164E+01 -0.72203148E+00
  0.20608387E+01 -0.79816426E+00
  0.20709611E+01 -0.87396056E+00
  0.20810834E+01 -0.94940304E+00
  0.20912058E+01 -0.10244752E+01
  0.21013281E+01 -0.10991611E+01
  0.21114505E+01 -0.11734460E+01
  0.21215728E+01 -0.12473155E+01
  0.21316952E+01 -0.13207562E+01
  0.21418175E+01 -0.13937552E+01
  0.21519399E+01 -0.14663004E+01
  0.21620622E+01 -0.15383802E+01
  0.21721846E+01 -0.16099837E+01
  0.21721846E+01 -0.16099837E+01
  0.21822226E+01 -0.16092474E+01
  0.21922607E+01 -0.16079619E+01
  0.22022988E+01 -0.16059970E+01
  0.22123369E+01 -0.16033040E+01
  0.22223749E+01 -0.15998675E+01
  0.22324130E+01 -0.15956842E+01
  0.22424511E+01 -0.15907554E+01
  0.22524891E+01 -0.15850846E+01
  0.22625272E+01 -0.15786770E+01
  0.22725653E+01 -0.15715386E+01
  0.22826034E+01 -0.15636760E+01
  0.22926414E+01 -0.15550966E+01
  0.23026795E+01 -0.15458084E+01
  0.23127176E+01 -0.15358197E+01
  0.23227556E+01 -0.15251391E+01
  0.23327937E+01 -0.15137756E+01
  0.23428318E+01 -0.15017384E+01
  0.23528699E+01 -0.14890366E+01
  0.23629079E+01 -0.14756795E+01
  0.23729460E+01 -0.14616763E+01
  0.23829841E+01 -0.14470360E+01
  0.23930222E+01 -0.14317673E+01
  0.24030602E+01 -0.14158786E+01
  0.24130983E+01 -0.13993779E+01
  0.24231364E+01 -0.13822725E+01
  0.24331744E+01 -0.13645692E+01
  0.24432125E+01 -0.13462741E+01
  0.24532506E+01 -0.13273924E+01
  0.24632887E+01 -0.13079285E+01
  0.24733267E+01 -0.12878858E+01
  0.24833648E+01 -0.12672667E+01
  0.24934029E+01 -0.12460725E+01
  0.25034410E+01 -0.12243035E+01
  0.25134790E+01 -0.12019586E+01
  0.25235171E+01 -0.11790357E+01
  0.25335552E+01 -0.11555312E+01
  0.25435932E+01 -0.11314406E+01
  0.25536313E+01 -0.11067579E+01
  0.25636694E+01 -0.10814759E+01
  0.25737075E+01 -0.10555864E+01
  0.25837455E+01 -0.10290797E+01
  0.25938659E+01 -0.10017202E+01
  0.26039862E+01 -0.97371058E+00
  0.26141066E+01 -0.94503772E+00
  0.26242269E+01 -0.91568767E+00
  0.26343473E+01 -0.88564560E+00
  0.26444676E+01 -0.85489595E+00
  0.26545880E+01 -0.82342255E+00
  0.26647083E+01 -0.79120874E+00
  0.26748287E+01 -0.75823755E+00
  0.26849490E+01 -0.72449177E+00
  0.26950694E+01 -0.68995417E+00
  0.27051897E+01 -0.65460760E+00
  0.27153101E+01 -0.61843522E+00
  0.27254305E+01 -0.58142058E+00
  0.27355508E+01 -0.54354783E+00
  0.27456712E+01 -0.50480187E+00
  0.27557915E+01 -0.46516851E+00
  0.27659119E+01 -0.42463464E+00
  0.27760322E+01 -0.38318835E+00
  0.27861526E+01 -0.34081909E+00
  0.27962729E+01 -0.29751782E+00
  0.28063933E+01 -0.25327713E+00
  0.28165136E+01 -0.20809136E+00
  0.28266340E+01 -0.16195670E+00
  0.28367543E+01 -0.11487131E+00
  0.28468747E+01 -0.66835375E-01
  0.28569950E+01 -0.17851205E-01
  0.28671154E+01  0.32076723E-01
  0.28772357E+01  0.82941723E-01
  0.28873561E+01  0.13473487E+00
  0.28974764E+01  0.18744500E+00
  0.29075968E+01  0.24105871E+00
  0.29177171E+01  0.29556035E+00
  0.29278375E+01  0.35093214E+00
  0.29379578E+01  0.40715415E+00
  0.29480782E+01  0.46420441E+00
  0.29581985E+01  0.52205900E+00
  0.29683189E+01  0.58069215E+00
  0.29784392E+01  0.64007636E+00
  0.29885596E+01  0.70018255E+00
  0.29986799E+01  0.76098020E+00
  0.30088003E+01  0.82243750E+00
  0.30189206E+01  0.88452156E+00
  0.30290410E+01  0.94719859E+00
  0.30391614E+01  0.10104341E+01
  0.30492817E+01  0.10741930E+01
  0.30594021E+01  0.11384401E+01
  0.30695224E+01  0.12031399E+01
  0.30796428E+01  0.12682573E+01
  0.30897631E+01  0.13337574E+01
  0.30998835E+01  0.13996060E+01
  0.31100038E+01  0.14657697E+01
  0.31201242E+01  0.15322163E+01
  0.31302445E+01  0.15989146E+01
  0.31403649E+01  0.16658352E+01
  0.31504852E+01  0.17329502E+01
  0.31606056E+01  0.18002337E+01
  0.31707259E+01  0.18676620E+01
  0.31808463E+01  0.19352136E+01
  0.31909666E+01  0.20028693E+01
  0.32010870E+01  0.20706126E+01
  0.32112073E+01  0.21384299E+01
  0.32213277E+01  0.22063103E+01
  0.32314480E+01  0.22742458E+01
  0.32415684E+01  0.23422315E+01
  0.32516887E+01  0.24102656E+01
  0.32618091E+01  0.24783493E+01
  0.32719294E+01  0.25464873E+01
  0.32820498E+01  0.26146869E+01
  0.32921701E+01  0.26829590E+01
  0.33022905E+01  0.27513172E+01
  0.33124108E+01  0.28197783E+01
  0.33225312E+01  0.28883618E+01
  0.33326515E+01  0.29570899E+01
  0.33427719E+01  0.30259875E+01
  0.33528923E+01  0.30950817E+01
  0.33630126E+01  0.31644017E+01
  0.33731330E+01  0.32339787E+01
  0.33832533E+01  0.33038453E+01
  0.33933737E+01  0.33740355E+01
  0.34034940E+01  0.34445840E+01
  0.34136144E+01  0.35155262E+01
  0.34237347E+01  0.35868974E+01
  0.34338551E+01  0.36587326E+01
  0.34439754E+01  0.37310657E+01
  0.34540958E+01  0.38039294E+01
  0.34642161E+01  0.38773542E+01
  0.34743365E+01  0.39513679E+01
  0.34844568E+01  0.40259952E+01
  0.34945772E+01  0.41012565E+01
  0.35046975E+01  0.41771673E+01
  0.35148179E+01  0.42537376E+01
  0.35249382E+01  0.43309705E+01
  0.35350586E+01  0.44088617E+01
  0.35451789E+01  0.44873979E+01
  0.35552993E+01  0.45665561E+01
  0.35654196E+01  0.46463017E+01
  0.35755400E+01  0.47265875E+01
  0.35856603E+01  0.48073519E+01
  0.35957807E+01  0.48885169E+01
  0.36059010E+01  0.49699861E+01
  0.36160214E+01  0.50516426E+01
  0.36261417E+01  0.51333458E+01
  0.36362621E+01  0.52149291E+01
  0.36463824E+01  0.52961960E+01
  0.36565028E+01  0.53769165E+01
  0.36666232E+01  0.54568231E+01
  0.36767435E+01  0.55356061E+01
  0.36868639E+01  0.56129093E+01
  0.36969842E+01  0.56883244E+01
  0.37071046E+01  0.57613878E+01
  0.37172249E+01  0.58315758E+01
  0.37273453E+01  0.58983040E+01
  0.37374656E+01  0.59609281E+01
  0.37475860E+01  0.60187496E+01
  0.37577063E+01  0.60710279E+01
  0.37678267E+01  0.61170003E+01
  0.37779470E+01  0.61559107E+01
  0.37880674E+01  0.61870475E+01
  0.37981877E+01  0.62097870E+01
  0.38083081E+01  0.62236349E+01
  0.38184284E+01  0.62285135E+01

  0.00000000E+00  0.50150958E+01
  0.10081144E-01  0.50141957E+01
  0.20162287E-01  0.50139059E+01
  0.30243431E-01  0.50142209E+01
  0.40324575E-01  0.50151329E+01
  0.50405718E-01  0.50166324E+01
  0.60486862E-01  0.50187079E+01
  0.70568006E-01  0.50213469E+01
  0.80649149E-01  0.50245353E+01
  0.90730293E-01  0.50282580E+01
  0.10081144E+00  0.50324989E+01
  0.11089258E+00  0.50372409E+01
  0.12097372E+00  0.50424666E+01
  0.13105487E+00  0.50481578E+01
  0.14113601E+00  0.50542961E+01
  0.15121715E+00  0.50608626E+01
  0.16129830E+00  0.50678384E+01
  0.17137944E+00  0.50752046E+01
  0.18146059E+00  0.50829426E+01
  0.19154173E+00  0.50910336E+01
  0.20162287E+00  0.50994597E+01
  0.21170402E+00  0.51082031E+01
  0.22178516E+00  0.51172469E+01
  0.23186630E+00  0.51265746E+01
  0.24194745E+00  0.51361710E+01
  0.25202859E+00  0.51460215E+01
  0.26210973E+00  0.51561127E+01
  0.27219088E+00  0.51664323E+01
  0.28227202E+00  0.51769692E+01
  0.29235317E+00  0.51877138E+01
  0.30243431E+00  0.51986576E+01
  0.31251545E+00  0.52097936E+01
  0.32259660E+00  0.52211162E+01
  0.33267774E+00  0.52326213E+01
  0.34275888E+00  0.52443063E+01
  0.35284003E+00  0.52561698E+01
  0.36292117E+00  0.52682119E+01
  0.37300231E+00  0.52804343E+01
  0.38308346E+00  0.52928397E+01
  0.39316460E+00  0.53054319E+01
  0.40324575E+00  0.53182162E+01
  0.41332689E+00  0.53311986E+01
  0.42340803E+00  0.53443860E+01
  0.43348918E+00  0.53577861E+01
  0.44357032E+00  0.53714073E+01
  0.45365146E+00  0.53852582E+01
  0.46373261E+00  0.53993479E+01
  0.47381375E+00  0.54136853E+01
  0.48389489E+00  0.54282796E+01
  0.49397604E+00  0.54431394E+01
  0.50405718E+00  0.54582728E+01
  0.51413833E+00  0.54685808E+01
  0.52421947E+00  0.54791160E+01
  0.53430061E+00  0.54899128E+01
  0.54438176E+00  0.55010052E+01
  0.55446290E+00  0.55124266E+01
  0.56454404E+00  0.55242091E+01
  0.57462519E+00  0.55363837E+01
  0.58470633E+00  0.55489793E+01
  0.59478747E+00  0.55620229E+01
  0.60486862E+00  0.55755388E+01
  0.61494976E+00  0.55895486E+01
  0.62503091E+00  0.56040707E+01
  0.63511205E+00  0.56191199E+01
  0.64519319E+00  0.56347074E+01
  0.65527434E+00  0.56508400E+01
  0.66535548E+00  0.56675204E+01
  0.67543662E+00  0.56847464E+01
  0.68551777E+00  0.57025109E+01
  0.69559891E+00  0.57208018E+01
  0.70568006E+00  0.57396014E+01
  0.71576120E+00  0.57588867E+01
  0.72584234E+00  0.57786287E+01
  0.73592349E+00  0.57987926E+01
  0.74600463E+00  0.58193374E+01
  0.75608577E+00  0.58402164E+01
  0.76616692E+00  0.58613761E+01
  0.77624806E+00  0.58827571E+01
  0.78632920E+00  0.59042938E+01
  0.79641035E+00  0.59259143E+01
  0.80649149E+00  0.59475404E+01
  0.81657264E+00  0.59690883E+01
  0.82665378E+00  0.59904683E+01
  0.83673492E+00  0.60115853E+01
  0.84681607E+00  0.60323394E+01
  0.85689721E+00  0.60526261E+01
  0.86697835E+00  0.60723372E+01
  0.87705950E+00  0.60913615E+01
  0.88714064E+00  0.61095857E+01
  0.89722178E+00  0.61268958E+01
  0.90730293E+00  0.61431779E+01
  0.91738407E+00  0.61583201E+01
  0.92746522E+00  0.61722141E+01
  0.93754636E+00  0.61847567E+01
  0.94762750E+00  0.61958524E+01
  0.95770865E+00  0.62054156E+01
  0.96778979E+00  0.62133742E+01
  0.97787093E+00  0.62196740E+01
  0.98795208E+00  0.62242867E+01
  0.99803322E+00  0.62272220E+01
  0.10081144E+01  0.62285135E+01
  0.10182367E+01  0.62258849E+01
  0.10283591E+01  0.62194783E+01
  0.10384814E+01  0.62097091E+01
  0.10486038E+01  0.61966272E+01
  0.10587261E+01  0.61803585E+01
  0.10688485E+01  0.61610624E+01
  0.10789708E+01  0.61389223E+01
  0.10890932E+01  0.61141379E+01
  0.10992155E+01  0.60869195E+01
  0.11093379E+01  0.60574819E+01
  0.11194602E+01  0.60260400E+01
  0.11295826E+01  0.59928047E+01
  0.11397049E+01  0.59579798E+01
  0.11498273E+01  0.59217600E+01
  0.11599496E+01  0.58843290E+01
  0.11700720E+01  0.58458588E+01
  0.11801943E+01  0.58065094E+01
  0.11903167E+01  0.57664284E+01
  0.12004390E+01  0.57257514E+01
  0.12105614E+01  0.56846024E+01
  0.12206837E+01  0.56430945E+01
  0.12308061E+01  0.56013299E+01
  0.12409284E+01  0.55594016E+01
  0.12510508E+01  0.55173930E+01
  0.12611731E+01  0.54753793E+01
  0.12712955E+01  0.54334279E+01
  0.12814178E+01  0.53915991E+01
  0.12915402E+01  0.53499465E+01
  0.13016625E+01  0.53085178E+01
  0.13117849E+01  0.52673551E+01
  0.13219072E+01  0.52264957E+01
  0.13320296E+01  0.51859719E+01
  0.13421519E+01  0.51458122E+01
  0.13522742E+01  0.51060413E+01
  0.13623966E+01  0.50666800E+01
  0.13725189E+01  0.50277465E+01
  0.13826413E+01  0.49892557E+01
  0.13927636E+01  0.49512202E+01
  0.14028860E+01  0.49136500E+01
  0.14130083E+01  0.48765532E+01
  0.14231307E+01  0.48399357E+01
  0.14332530E+01  0.48038018E+01
  0.14433754E+01  0.47681543E+01
  0.14534977E+01  0.47329942E+01
  0.14636201E+01  0.46983216E+01
  0.14737424E+01  0.46641352E+01
  0.14838648E+01  0.46304328E+01
  0.14939871E+01  0.45972110E+01
  0.15041095E+01  0.45644658E+01
  0.15142318E+01  0.45321923E+01
  0.15243542E+01  0.45003850E+01
  0.15344765E+01  0.44690378E+01
  0.15445989E+01  0.44381441E+01
  0.15547212E+01  0.44076966E+01
  0.15648436E+01  0.43776881E+01
  0.15749659E+01  0.43481107E+01
  0.15850883E+01  0.43189564E+01
  0.15952106E+01  0.42892591E+01
  0.16053330E+01  0.42590126E+01
  0.16154553E+01  0.42291703E+01
  0.16255777E+01  0.41997279E+01
  0.16357000E+01  0.41706815E+01
  0.16458224E+01  0.41420275E+01
  0.16559447E+01  0.41137627E+01
  0.16660671E+01  0.40858846E+01
  0.16761894E+01  0.40583913E+01
  0.16863118E+01  0.40312817E+01
  0.16964341E+01  0.40045554E+01
  0.17065565E+01  0.39782129E+01
  0.17166788E+01  0.39522554E+01
  0.17268012E+01  0.39266853E+01
  0.17369235E+01  0.39015057E+01
  0.17470459E+01  0.38767206E+01
  0.17571682E+01  0.38523352E+01
  0.17672906E+01  0.38283554E+01
  0.17774129E+01  0.38047881E+01
  0.17875353E+01  0.37816412E+01
  0.17976576E+01  0.37589231E+01
  0.18077800E+01  0.37366435E+01
  0.18179023E+01  0.37148126E+01
  0.18280247E+01  0.36934413E+01
  0.18381470E+01  0.36725411E+01
  0.18482694E+01  0.36521243E+01
  0.18583917E+01  0.36322034E+01
  0.18685141E+01  0.36127914E+01
  0.18786364E+01  0.35939018E+01
  0.18887588E+01  0.35755480E+01
  0.18988811E+01  0.35577438E+01
  0.19090035E+01  0.35405030E+01
  0.19191258E+01  0.35238392E+01
  0.19292482E+01  0.35077659E+01
  0.19393705E+01  0.34922967E+01
  0.19494929E+01  0.34774444E+01
  0.19596152E+01  0.34632217E+01
  0.19697376E+01  0.34496408E+01
  0.19798599E+01  0.34367135E+01
  0.19899823E+01  0.34244506E+01
  0.20001046E+01  0.34128627E+01
  0.20102270E+01  0.34019596E+01
  0.20203493E+01  0.33917502E+01
  0.20304717E+01  0.33822428E+01
  0.20405940E+01  0.33734448E+01
  0.20507164E+01  0.33653630E+01
  0.20608387E+01  0.33580032E+01
  0.20709611E+01  0.33513704E+01
  0.20810834E+01  0.33454687E+01
  0.20912058E+01  0.33403016E+01
  0.21013281E+01  0.33358715E+01
  0.21114505E+01  0.33321803E+01
  0.21215728E+01  0.33292288E+01
  0.21316952E+01  0.33270171E+01
  0.21418175E+01  0.33255447E+01
  0.21519399E+01  0.33248102E+01
  0.21620622E+01  0.33248115E+01
  0.21721846E+01  0.33255456E+01
  0.21721846E+01  0.33255456E+01
  0.21822226E+01  0.33184632E+01
  0.21922607E+01  0.33072862E+01
  0.22022988E+01  0.32912834E+01
  0.22123369E+01  0.32702419E+01
  0.22223749E+01  0.32442952E+01
  0.22324130E+01  0.32137726E+01
  0.22424511E+01  0.31791085E+01
  0.22524891E+01  0.31407899E+01
  0.22625272E+01  0.30993238E+01
  0.22725653E+01  0.30552161E+01
  0.22826034E+01  0.30089568E+01
  0.22926414E+01  0.29610114E+01
  0.23026795E+01  0.29118148E+01
  0.23127176E+01  0.28617693E+01
  0.23227556E+01  0.28112435E+01
  0.23327937E+01  0.27605725E+01
  0.23428318E+01  0.27100601E+01
  0.23528699E+01  0.26599799E+01
  0.23629079E+01  0.26105780E+01
  0.23729460E+01  0.25620747E+01
  0.23829841E+01  0.25146667E+01
  0.23930222E+01  0.24685290E+01
  0.24030602E+01  0.24238166E+01
  0.24130983E+01  0.23806659E+01
  0.24231364E+01  0.23391963E+01
  0.24331744E+01  0.22995109E+01
  0.24432125E+01  0.22616977E+01
  0.24532506E+01  0.22258305E+01
  0.24632887E+01  0.21919696E+01
  0.24733267E+01  0.21601620E+01
  0.24833648E+01  0.21304426E+01
  0.24934029E+01  0.21028342E+01
  0.25034410E+01  0.20773485E+01
  0.25134790E+01  0.20539862E+01
  0.25235171E+01  0.20327376E+01
  0.25335552E+01  0.20135835E+01
  0.25435932E+01  0.19964954E+01
  0.25536313E+01  0.19814365E+01
  0.25636694E+01  0.19683621E+01
  0.25737075E+01  0.19572205E+01
  0.25837455E+01  0.19479536E+01
  0.25938659E+01  0.19404440E+01
  0.26039862E+01  0.19347054E+01
  0.26141066E+01  0.19306636E+01
  0.26242269E+01  0.19282412E+01
  0.26343473E+01  0.19273583E+01
  0.26444676E+01  0.19279336E+01
  0.26545880E+01  0.19298844E+01
  0.26647083E+01  0.19331281E+01
  0.26748287E+01  0.19375824E+01
  0.26849490E+01  0.19431661E+01
  0.26950694E+01  0.19497996E+01
  0.27051897E+01  0.19574055E+01
  0.27153101E+01  0.19659090E+01
  0.27254305E+01  0.19752383E+01
  0.27355508E+01  0.19853250E+01
  0.27456712E+01  0.19961046E+01
  0.27557915E+01  0.20075165E+01
  0.27659119E+01  0.20195045E+01
  0.27760322E+01  0.20320167E+01
  0.27861526E+01  0.20450060E+01
  0.27962729E+01  0.20584302E+01
  0.28063933E+01  0.20722518E+01
  0.28165136E+01  0.20864385E+01
  0.28266340E+01  0.21009628E+01
  0.28367543E+01  0.21158024E+01
  0.28468747E+01  0.21309400E+01
  0.28569950E+01  0.21463632E+01
  0.28671154E+01  0.21620648E+01
  0.28772357E+01  0.21780421E+01
  0.28873561E+01  0.21942976E+01
  0.28974764E+01  0.22108382E+01
  0.29075968E+01  0.22276753E+01
  0.29177171E+01  0.22448248E+01
  0.29278375E+01  0.22623068E+01
  0.29379578E+01  0.22801452E+01
  0.29480782E+01  0.22983679E+01
  0.29581985E+01  0.23170065E+01
  0.29683189E+01  0.23360955E+01
  0.29784392E+01  0.23556730E+01
  0.29885596E+01  0.23757797E+01
  0.29986799E+01  0.23964588E+01
  0.30088003E+01  0.24177558E+01
  0.30189206E+01  0.24397184E+01
  0.30290410E+01  0.24623956E+01
  0.30391614E+01  0.24858381E+01
  0.30492817E+01  0.25100974E+01
  0.30594021E+01  0.25352259E+01
  0.30695224E+01  0.25612760E+01
  0.30796428E+01  0.25883006E+01
  0.30897631E+01  0.26163518E+01
  0.30998835E+01  0.26454813E+01
  0.31100038E+01  0.26757398E+01
  0.31201242E+01  0.27071764E+01
  0.31302445E+01  0.27398386E+01
  0.31403649E+01  0.27737718E+01
  0.31504852E+01  0.28090190E+01
  0.31606056E+01  0.28456204E+01
  0.31707259E+01  0.28836131E+01
  0.31808463E+01  0.29230308E+01
  0.31909666E+01  0.29639033E+01
  0.32010870E+01  0.30062567E+01
  0.32112073E+01  0.30501124E+01
  0.32213277E+01  0.30954875E+01
  0.32314480E+01  0.31423939E+01
  0.32415684E+01  0.31908388E+01
  0.32516887E+01  0.32408236E+01
  0.32618091E+01  0.32923445E+01
  0.32719294E+01  0.33453917E+01
  0.32820498E+01  0.33999496E+01
  0.32921701E+01  0.34559966E+01
  0.33022905E+01  0.35135049E+01
  0.33124108E+01  0.35724404E+01
  0.33225312E+01  0.36327626E+01
  0.33326515E+01  0.36944248E+01
  0.33427719E+01  0.37573737E+01
  0.33528923E+01  0.38215499E+01
  0.33630126E+01  0.38868875E+01
  0.33731330E+01  0.39533143E+01
  0.33832533E+01  0.40207523E+01
  0.33933737E+01  0.40891171E+01
  0.34034940E+01  0.41583188E+01
  0.34136144E+01  0.42282617E+01
  0.34237347E+01  0.42988448E+01
  0.34338551E+01  0.43699618E+01
  0.34439754E+01  0.44415018E+01
  0.34540958E+01  0.45133491E+01
  0.34642161E+01  0.45853840E+01
  0.34743365E+01  0.46574829E+01
  0.34844568E+01  0.47295186E+01
  0.34945772E+01  0.48013610E+01
  0.35046975E+01  0.48728772E+01
  0.35148179E+01  0.49439324E+01
  0.35249382E+01  0.50143898E+01
  0.35350586E+01  0.50841113E+01
  0.35451789E+01  0.51529581E+01
  0.35552993E+01  0.52207910E+01
  0.35654196E+01  0.52874710E+01
  0.35755400E+01  0.53528598E+01
  0.35856603E+01  0.54168200E+01
  0.35957807E+01  0.54792160E+01
  0.36059010E+01  0.55399139E+01
  0.36160214E+01  0.55987827E+01
  0.36261417E+01  0.56556940E+01
  0.36362621E+01  0.57105227E+01
  0.36463824E+01  0.57631474E+01
  0.36565028E+01  0.58134510E+01
  0.36666232E+01  0.58613205E+01
  0.36767435E+01  0.59066478E+01
  0.36868639E+01  0.59493297E+01
  0.36969842E+01  0.59892685E+01
  0.37071046E+01  0.60263721E+01
  0.37172249E+01  0.60605544E+01
  0.37273453E+01  0.60917353E+01
  0.37374656E+01  0.61198416E+01
  0.37475860E+01  0.61448069E+01
  0.37577063E+01  0.61665723E+01
  0.37678267E+01  0.61850870E+01
  0.37779470E+01  0.62003102E+01
  0.37880674E+01  0.62122152E+01
  0.37981877E+01  0.62208045E+01
  0.38083081E+01  0.62261734E+01
  0.38184284E+01  0.62285135E+01

  0.00000000E+00  0.50150958E+01
  0.10081144E-01  0.50165968E+01
  0.20162287E-01  0.50187128E+01
  0.30243431E-01  0.50214425E+01
  0.40324575E-01  0.50247818E+01
  0.50405718E-01  0.50287239E+01
  0.60486862E-01  0.50332593E+01
  0.70568006E-01  0.50383754E+01
  0.80649149E-01  0.50440572E+01
  0.90730293E-01  0.50502864E+01
  0.10081144E+00  0.50570426E+01
  0.11089258E+00  0.50643026E+01
  0.12097372E+00  0.50720409E+01
  0.13105487E+00  0.50802300E+01
  0.14113601E+00  0.50888404E+01
  0.15121715E+00  0.50978411E+01
  0.16129830E+00  0.51071997E+01
  0.17137944E+00  0.51168826E+01
  0.18146059E+00  0.51268559E+01
  0.19154173E+00  0.51370847E+01
  0.20162287E+00  0.51475344E+01
  0.21170402E+00  0.51581704E+01
  0.22178516E+00  0.51689587E+01
  0.23186630E+00  0.51798661E+01
  0.24194745E+00  0.51908606E+01
  0.25202859E+00  0.52019113E+01
  0.26210973E+00  0.52129893E+01
  0.27219088E+00  0.52240675E+01
  0.28227202E+00  0.52351211E+01
  0.29235317E+00  0.52461275E+01
  0.30243431E+00  0.52570670E+01
  0.31251545E+00  0.52679225E+01
  0.32259660E+00  0.52786797E+01
  0.33267774E+00  0.52893277E+01
  0.34275888E+00  0.52998586E+01
  0.35284003E+00  0.53102677E+01
  0.36292117E+00  0.53205537E+01
  0.37300231E+00  0.53307185E+01
  0.38308346E+00  0.53407673E+01
  0.39316460E+00  0.53507087E+01
  0.40324575E+00  0.53605542E+01
  0.41332689E+00  0.53703185E+01
  0.42340803E+00  0.53800193E+01
  0.43348918E+00  0.53896770E+01
  0.44357032E+00  0.53993146E+01
  0.45365146E+00  0.54089574E+01
  0.46373261E+00  0.54186329E+01
  0.47381375E+00  0.54283706E+01
  0.48389489E+00  0.54382014E+01
  0.49397604E+00  0.54481577E+01
  0.50405718E+00  0.54582728E+01
  0.51413833E+00  0.54736876E+01
  0.52421947E+00  0.54893905E+01
  0.53430061E+00  0.55053871E+01
  0.54438176E+00  0.55216819E+01
  0.55446290E+00  0.55382780E+01
  0.56454404E+00  0.55551768E+01
  0.57462519E+00  0.55723782E+01
  0.58470633E+00  0.55898799E+01
  0.59478747E+00  0.56076778E+01
  0.60486862E+00  0.56257656E+01
  0.61494976E+00  0.56441345E+01
  0.62503091E+00  0.56627735E+01
  0.63511205E+00  0.56816690E+01
  0.64519319E+00  0.57008049E+01
  0.65527434E+00  0.57201624E+01
  0.66535548E+00  0.57397201E+01
  0.67543662E+00  0.57594537E+01
  0.68551777E+00  0.57793364E+01
  0.69559891E+00  0.57993386E+01
  0.70568006E+00  0.58194280E+01
  0.71576120E+00  0.58395696E+01
  0.72584234E+00  0.58597259E+01
  0.73592349E+00  0.58798568E+01
  0.74600463E+00  0.58999198E+01
  0.75608577E+00  0.59198701E+01
  0.76616692E+00  0.59396608E+01
  0.77624806E+00  0.59592429E+01
  0.78632920E+00  0.59785654E+01
  0.79641035E+00  0.59975759E+01
  0.80649149E+00  0.60162205E+01
  0.81657264E+00  0.60344438E+01
  0.82665378E+00  0.60521899E+01
  0.83673492E+00  0.60694018E+01
  0.84681607E+00  0.60860225E+01
  0.85689721E+00  0.61019946E+01
  0.86697835E+00  0.61172613E+01
  0.87705950E+00  0.61317664E+01
  0.88714064E+00  0.61454547E+01
  0.89722178E+00  0.61582725E+01
  0.90730293E+00  0.61701681E+01
  0.91738407E+00  0.61810919E+01
  0.92746522E+00  0.61909971E+01
  0.93754636E+00  0.61998396E+01
  0.94762750E+00  0.62075783E+01
  0.95770865E+00  0.62141746E+01
  0.96778979E+00  0.62195916E+01
  0.97787093E+00  0.62237908E+01
  0.98795208E+00  0.62267266E+01
  0.99803322E+00  0.62283355E+01
  0.10081144E+01  0.62285135E+01
  0.10182367E+01  0.62278800E+01
  0.10283591E+01  0.62237267E+01
  0.10384814E+01  0.62161403E+01
  0.10486038E+01  0.62052218E+01
  0.10587261E+01  0.61911016E+01
  0.10688485E+01  0.61739360E+01
  0.10789708E+01  0.61539025E+01
  0.10890932E+01  0.61311931E+01
  0.10992155E+01  0.61060093E+01
  0.11093379E+01  0.60785565E+01
  0.11194602E+01  0.60490398E+01
  0.11295826E+01  0.60176604E+01
  0.11397049E+01  0.59846129E+01
  0.11498273E+01  0.59500828E+01
  0.11599496E+01  0.59142458E+01
  0.11700720E+01  0.58772664E+01
  0.11801943E+01  0.58392978E+01
  0.11903167E+01  0.58004818E+01
  0.12004390E+01  0.57609491E+01
  0.12105614E+01  0.57208194E+01
  0.12206837E+01  0.56802025E+01
  0.12308061E+01  0.56391984E+01
  0.12409284E+01  0.55978979E+01
  0.12510508E+01  0.55563838E+01
  0.12611731E+01  0.55147311E+01
  0.12712955E+01  0.54730074E+01
  0.12814178E+01  0.54312743E+01
  0.12915402E+01  0.53895870E+01
  0.13016625E+01  0.53479956E+01
  0.13117849E+01  0.53065449E+01
  0.13219072E+01  0.52652755E+01
  0.13320296E+01  0.52242236E+01
  0.13421519E+01  0.51834217E+01
  0.13522742E+01  0.51428989E+01
  0.13623966E+01  0.51026810E+01
  0.13725189E+01  0.50627911E+01
  0.13826413E+01  0.50232493E+01
  0.13927636E+01  0.49840735E+01
  0.14028860E+01  0.49452793E+01
  0.14130083E+01  0.49068800E+01
  0.14231307E+01  0.48688871E+01
  0.14332530E+01  0.48313102E+01
  0.14433754E+01  0.47941574E+01
  0.14534977E+01  0.47574350E+01
  0.14636201E+01  0.47211480E+01
  0.14737424E+01  0.46852998E+01
  0.14838648E+01  0.46498930E+01
  0.14939871E+01  0.46149286E+01
  0.15041095E+01  0.45804067E+01
  0.15142318E+01  0.45463266E+01
  0.15243542E+01  0.45126866E+01
  0.15344765E+01  0.44794843E+01
  0.15445989E+01  0.44467166E+01
  0.15547212E+01  0.44143800E+01
  0.15648436E+01  0.43824703E+01
  0.15749659E+01  0.43509833E+01
  0.15850883E+01  0.43199145E+01
  0.15952106E+01  0.42902172E+01
  0.16053330E+01  0.42618848E+01
  0.16154553E+01  0.42339511E+01
  0.16255777E+01  0.42064079E+01
  0.16357000E+01  0.41792473E+01
  0.16458224E+01  0.41524618E+01
  0.16559447E+01  0.41260438E+01
  0.16660671E+01  0.40999865E+01
  0.16761894E+01  0.40742835E+01
  0.16863118E+01  0.40489289E+01
  0.16964341E+01  0.40239177E+01
  0.17065565E+01  0.39992453E+01
  0.17166788E+01  0.39749081E+01
  0.17268012E+01  0.39509034E+01
  0.17369235E+01  0.39272293E+01
  0.17470459E+01  0.39038851E+01
  0.17571682E+01  0.38808707E+01
  0.17672906E+01  0.38581875E+01
  0.17774129E+01  0.38358377E+01
  0.17875353E+01  0.38138245E+01
  0.17976576E+01  0.37921522E+01
  0.18077800E+01  0.37708263E+01
  0.18179023E+01  0.37498531E+01
  0.18280247E+01  0.37292400E+01
  0.18381470E+01  0.37089953E+01
  0.18482694E+01  0.36891280E+01
  0.18583917E+01  0.36696482E+01
  0.18685141E+01  0.36505666E+01
  0.18786364E+01  0.36318943E+01
  0.18887588E+01  0.36136435E+01
  0.18988811E+01  0.35958265E+01
  0.19090035E+01  0.35784561E+01
  0.19191258E+01  0.35615456E+01
  0.19292482E+01  0.35451082E+01
  0.19393705E+01  0.35291577E+01
  0.19494929E+01  0.35137077E+01
  0.19596152E+01  0.34987718E+01
  0.19697376E+01  0.34843637E+01
  0.19798599E+01  0.34704970E+01
  0.19899823E+01  0.34571850E+01
  0.20001046E+01  0.34444407E+01
  0.20102270E+01  0.34322771E+01
  0.20203493E+01  0.34207066E+01
  0.20304717E+01  0.34097416E+01
  0.20405940E+01  0.33993936E+01
  0.20507164E+01  0.33896742E+01
  0.20608387E+01  0.33805942E+01
  0.20709611E+01  0.33721642E+01
  0.20810834E+01  0.33643941E+01
  0.20912058E+01  0.33572933E+01
  0.21013281E+01  0.33508710E+01
  0.21114505E+01  0.33451354E+01
  0.21215728E+01  0.33400946E+01
  0.21316952E+01  0.33357557E+01
  0.21418175E+01  0.33321256E+01
  0.21519399E+01  0.33292103E+01
  0.21620622E+01  0.33270153E+01
  0.21721846E+01  0.33255456E+01
  0.21721846E+01  0.33255456E+01
  0.21822226E+01  0.33297451E+01
  0.21922607E+01  0.33323476E+01
  0.22022988E+01  0.33342677E+01
  0.22123369E+01  0.33360105E+01
  0.22223749E+01  0.33378254E+01
  0.22324130E+01  0.33398350E+01
  0.22424511E+01  0.33421036E+01
  0.22524891E+01  0.33446686E+01
  0.22625272E+01  0.33475541E+01
  0.22725653E+01  0.33507782E+01
  0.22826034E+01  0.33543556E+01
  0.22926414E+01  0.33582996E+01
  0.23026795E+01  0.33626230E+01
  0.23127176E+01  0.33673383E+01
  0.23227556E+01  0.33724581E+01
  0.23327937E+01  0.33779953E+01
  0.23428318E+01  0.33839629E+01
  0.23528699E+01  0.33903741E+01
  0.23629079E+01  0.33972426E+01
  0.23729460E+01  0.34045819E+01
  0.23829841E+01  0.34124059E+01
  0.23930222E+01  0.34207285E+01
  0.24030602E+01  0.34295634E+01
  0.24130983E+01  0.34389244E+01
  0.24231364E+01  0.34488250E+01
  0.24331744E+01  0.34592784E+01
  0.24432125E+01  0.34702974E+01
  0.24532506E+01  0.34818944E+01
  0.24632887E+01  0.34940813E+01
  0.24733267E+01  0.35068693E+01
  0.24833648E+01  0.35202687E+01
  0.24934029E+01  0.35342893E+01
  0.25034410E+01  0.35489397E+01
  0.25134790E+01  0.35642277E+01
  0.25235171E+01  0.35801599E+01
  0.25335552E+01  0.35967419E+01
  0.25435932E+01  0.36139780E+01
  0.25536313E+01  0.36318713E+01
  0.25636694E+01  0.36504236E+01
  0.25737075E+01  0.36696352E+01
  0.25837455E+01  0.36895051E+01
  0.25938659E+01  0.37102019E+01
  0.26039862E+01  0.37315614E+01
  0.26141066E+01  0.37535780E+01
  0.26242269E+01  0.37762447E+01
  0.26343473E+01  0.37995528E+01
  0.26444676E+01  0.38234920E+01
  0.26545880E+01  0.38480507E+01
  0.26647083E+01  0.38732156E+01
  0.26748287E+01  0.38989719E+01
  0.26849490E+01  0.39253034E+01
  0.26950694E+01  0.39521924E+01
  0.27051897E+01  0.39796198E+01
  0.27153101E+01  0.40075652E+01
  0.27254305E+01  0.40360070E+01
  0.27355508E+01  0.40649222E+01
  0.27456712E+01  0.40942869E+01
  0.27557915E+01  0.41240760E+01
  0.27659119E+01  0.41542633E+01
  0.27760322E+01  0.41848219E+01
  0.27861526E+01  0.42157241E+01
  0.27962729E+01  0.42469414E+01
  0.28063933E+01  0.42784446E+01
  0.28165136E+01  0.43102041E+01
  0.28266340E+01  0.43421899E+01
  0.28367543E+01  0.43743718E+01
  0.28468747E+01  0.44067192E+01
  0.28569950E+01  0.44392015E+01
  0.28671154E+01  0.44717882E+01
  0.28772357E+01  0.45044489E+01
  0.28873561E+01  0.45371534E+01
  0.28974764E+01  0.45698718E+01
  0.29075968E+01  0.46025748E+01
  0.29177171E+01  0.46352335E+01
  0.29278375E+01  0.46678199E+01
  0.29379578E+01  0.47003064E+01
  0.29480782E+01  0.47326663E+01
  0.29581985E+01  0.47648741E+01
  0.29683189E+01  0.47969050E+01
  0.29784392E+01  0.48287352E+01
  0.29885596E+01  0.48603422E+01
  0.29986799E+01  0.48917046E+01
  0.30088003E+01  0.49228022E+01
  0.30189206E+01  0.49536160E+01
  0.30290410E+01  0.49841285E+01
  0.30391614E+01  0.50143233E+01
  0.30492817E+01  0.50441853E+01
  0.30594021E+01  0.50737011E+01
  0.30695224E+01  0.51028582E+01
  0.30796428E+01  0.51316459E+01
  0.30897631E+01  0.51600544E+01
  0.30998835E+01  0.51880756E+01
  0.31100038E+01  0.52157026E+01
  0.31201242E+01  0.52429295E+01
  0.31302445E+01  0.52697521E+01
  0.31403649E+01  0.52961670E+01
  0.31504852E+01  0.53221721E+01
  0.31606056E+01  0.53477664E+01
  0.31707259E+01  0.53729498E+01
  0.31808463E+01  0.53977232E+01
  0.31909666E+01  0.54220884E+01
  0.32010870E+01  0.54460481E+01
  0.32112073E+01  0.54696055E+01
  0.32213277E+01  0.54927645E+01
  0.32314480E+01  0.55155298E+01
  0.32415684E+01  0.55379061E+01
  0.32516887E+01  0.55598990E+01
  0.32618091E+01  0.55815141E+01
  0.32719294E+01  0.56027571E+01
  0.32820498E+01  0.56236342E+01
  0.32921701E+01  0.56441513E+01
  0.33022905E+01  0.56643144E+01
  0.33124108E+01  0.56841295E+01
  0.33225312E+01  0.57036022E+01
  0.33326515E+01  0.57227380E+01
  0.33427719E+01  0.57415421E+01
  0.33528923E+01  0.57600193E+01
  0.33630126E+01  0.57781739E+01
  0.33731330E+01  0.57960100E+01
  0.33832533E+01  0.58135308E+01
  0.33933737E+01  0.58307393E+01
  0.34034940E+01  0.58476377E+01
  0.34136144E+01  0.58642280E+01
  0.34237347E+01  0.58805111E+01
  0.34338551E+01  0.58964876E+01
  0.34439754E+01  0.59121575E+01
  0.34540958E+01  0.59275199E+01
  0.34642161E+01  0.59425735E+01
  0.34743365E+01  0.59573163E+01
  0.34844568E+01  0.59717457E+01
  0.34945772E+01  0.59858585E+01
  0.35046975E+01  0.59996509E+01
  0.35148179E+01  0.60131185E+01
  0.35249382E+01  0.60262563E+01
  0.35350586E+01  0.60390588E+01
  0.35451789E+01  0.60515201E+01
  0.35552993E+01  0.60636336E+01
  0.35654196E+01  0.60753923E+01
  0.35755400E+01  0.60867889E+01
  0.35856603E+01  0.60978155E+01
  0.35957807E+01  0.61084641E+01
  0.36059010E+01  0.61187261E+01
  0.36160214E+01  0.61285930E+01
  0.36261417E+01  0.61380557E+01
  0.36362621E+01  0.61471053E+01
  0.36463824E+01  0.61557325E+01
  0.36565028E+01  0.61639282E+01
  0.36666232E+01  0.61716832E+01
  0.36767435E+01  0.61789884E+01
  0.36868639E+01  0.61858348E+01
  0.36969842E+01  0.61922139E+01
  0.37071046E+01  0.61981171E+01
  0.37172249E+01  0.62035364E+01
  0.37273453E+01  0.62084640E+01
  0.37374656E+01  0.62128925E+01
  0.37475860E+01  0.62168150E+01
  0.37577063E+01  0.62202246E+01
  0.37678267E+01  0.62231143E+01
  0.37779470E+01  0.62254754E+01
  0.37880674E+01  0.62272938E+01
  0.37981877E+01  0.62285356E+01
  0.38083081E+01  0.62290889E+01
  0.38184284E+01  0.62285135E+01

  0.00000000E+00  0.77906701E+01
  0.10081144E-01  0.77910190E+01
  0.20162287E-01  0.77920655E+01
  0.30243431E-01  0.77938060E+01
  0.40324575E-01  0.77962346E+01
  0.50405718E-01  0.77993430E+01
  0.60486862E-01  0.78031209E+01
  0.70568006E-01  0.78075558E+01
  0.80649149E-01  0.78126331E+01
  0.90730293E-01  0.78183362E+01
  0.10081144E+00  0.78246470E+01
  0.11089258E+00  0.78315455E+01
  0.12097372E+00  0.78390104E+01
  0.13105487E+00  0.78470190E+01
  0.14113601E+00  0.78555475E+01
  0.15121715E+00  0.78645713E+01
  0.16129830E+00  0.78740649E+01
  0.17137944E+00  0.78840023E+01
  0.18146059E+00  0.78943573E+01
  0.19154173E+00  0.79051034E+01
  0.20162287E+00  0.79162143E+01
  0.21170402E+00  0.79276639E+01
  0.22178516E+00  0.79394267E+01
  0.23186630E+00  0.79514776E+01
  0.24194745E+00  0.79637926E+01
  0.25202859E+00  0.79763485E+01
  0.26210973E+00  0.79891233E+01
  0.27219088E+00  0.80020962E+01
  0.28227202E+00  0.80152480E+01
  0.29235317E+00  0.80285608E+01
  0.30243431E+00  0.80420185E+01
  0.31251545E+00  0.80556066E+01
  0.32259660E+00  0.80693123E+01
  0.33267774E+00  0.80831247E+01
  0.34275888E+00  0.80970344E+01
  0.35284003E+00  0.81110342E+01
  0.36292117E+00  0.81251184E+01
  0.37300231E+00  0.81392830E+01
  0.38308346E+00  0.81535259E+01
  0.39316460E+00  0.81678464E+01
  0.40324575E+00  0.81822454E+01
  0.41332689E+00  0.81967249E+01
  0.42340803E+00  0.82112885E+01
  0.43348918E+00  0.82259407E+01
  0.44357032E+00  0.82406870E+01
  0.45365146E+00  0.82555335E+01
  0.46373261E+00  0.82704870E+01
  0.47381375E+00  0.82855546E+01
  0.48389489E+00  0.83007437E+01
  0.49397604E+00  0.83160614E+01
  0.50405718E+00  0.83315147E+01
  0.51413833E+00  0.83471099E+01
  0.52421947E+00  0.83628528E+01
  0.53430061E+00  0.83787479E+01
  0.54438176E+00  0.83947989E+01
  0.55446290E+00  0.84110077E+01
  0.56454404E+00  0.84273748E+01
  0.57462519E+00  0.84438986E+01
  0.58470633E+00  0.84605755E+01
  0.59478747E+00  0.84773995E+01
  0.60486862E+00  0.84943622E+01
  0.61494976E+00  0.85114524E+01
  0.62503091E+00  0.85286558E+01
  0.63511205E+00  0.85459554E+01
  0.64519319E+00  0.85633303E+01
  0.65527434E+00  0.85807567E+01
  0.66535548E+00  0.85982068E+01
  0.67543662E+00  0.86156491E+01
  0.68551777E+00  0.86330478E+01
  0.69559891E+00  0.86503633E+01
  0.70568006E+00  0.86675512E+01
  0.71576120E+00  0.86845626E+01
  0.72584234E+00  0.87013437E+01
  0.73592349E+00  0.87178355E+01
  0.74600463E+00  0.87339734E+01
  0.75608577E+00  0.87496868E+01
  0.76616692E+00  0.87648989E+01
  0.77624806E+00  0.87795260E+01
  0.78632920E+00  0.87934767E+01
  0.79641035E+00  0.88066516E+01
  0.80649149E+00  0.88189425E+01
  0.81657264E+00  0.88302314E+01
  0.82665378E+00  0.88403902E+01
  0.83673492E+00  0.88492795E+01
  0.84681607E+00  0.88567476E+01
  0.85689721E+00  0.88626286E+01
  0.86697835E+00  0.88667362E+01
  0.87705950E+00  0.88688422E+01
  0.88714064E+00  0.88686054E+01
  0.89722178E+00  0.88653598E+01
  0.90730293E+00  0.88581525E+01
  0.91738407E+00  0.88479058E+01
  0.92746522E+00  0.88371345E+01
  0.93754636E+00  0.88271392E+01
  0.94762750E+00  0.88183811E+01
  0.95770865E+00  0.88110593E+01
  0.96778979E+00  0.88052888E+01
  0.97787093E+00  0.88011550E+01
  0.98795208E+00  0.87987328E+01
  0.99803322E+00  0.87980972E+01
  0.10081144E+01  0.87993304E+01
  0.10182367E+01  0.87978358E+01
  0.10283591E+01  0.87949843E+01
  0.10384814E+01  0.87903215E+01
  0.10486038E+01  0.87838249E+01
  0.10587261E+01  0.87755084E+01
  0.10688485E+01  0.87653951E+01
  0.10789708E+01  0.87535141E+01
  0.10890932E+01  0.87398993E+01
  0.10992155E+01  0.87245891E+01
  0.11093379E+01  0.87076262E+01
  0.11194602E+01  0.86890575E+01
  0.11295826E+01  0.86689338E+01
  0.11397049E+01  0.86473096E+01
  0.11498273E+01  0.86242435E+01
  0.11599496E+01  0.85997972E+01
  0.11700720E+01  0.85740359E+01
  0.11801943E+01  0.85470279E+01
  0.11903167E+01  0.85188444E+01
  0.12004390E+01  0.84895591E+01
  0.12105614E+01  0.84592484E+01
  0.12206837E+01  0.84279904E+01
  0.12308061E+01  0.83958653E+01
  0.12409284E+01  0.83629547E+01
  0.12510508E+01  0.83293414E+01
  0.12611731E+01  0.82951093E+01
  0.12712955E+01  0.82603428E+01
  0.12814178E+01  0.82251267E+01
  0.12915402E+01  0.81895458E+01
  0.13016625E+01  0.81536847E+01
  0.13117849E+01  0.81176272E+01
  0.13219072E+01  0.80814566E+01
  0.13320296E+01  0.80452547E+01
  0.13421519E+01  0.80091019E+01
  0.13522742E+01  0.79730771E+01
  0.13623966E+01  0.79372569E+01
  0.13725189E+01  0.79017158E+01
  0.13826413E+01  0.78665258E+01
  0.13927636E+01  0.78317561E+01
  0.14028860E+01  0.77974729E+01
  0.14130083E+01  0.77637391E+01
  0.14231307E+01  0.77306144E+01
  0.14332530E+01  0.76981548E+01
  0.14433754E+01  0.76664126E+01
  0.14534977E+01  0.76354359E+01
  0.14636201E+01  0.76052692E+01
  0.14737424E+01  0.75759526E+01
  0.14838648E+01  0.75475217E+01
  0.14939871E+01  0.75200083E+01
  0.15041095E+01  0.74934392E+01
  0.15142318E+01  0.74678370E+01
  0.15243542E+01  0.74432199E+01
  0.15344765E+01  0.74196015E+01
  0.15445989E+01  0.73969908E+01
  0.15547212E+01  0.73753926E+01
  0.15648436E+01  0.73548070E+01
  0.15749659E+01  0.73352299E+01
  0.15850883E+01  0.73166531E+01
  0.15952106E+01  0.72990641E+01
  0.16053330E+01  0.72824463E+01
  0.16154553E+01  0.72667794E+01
  0.16255777E+01  0.72520393E+01
  0.16357000E+01  0.72381983E+01
  0.16458224E+01  0.72252254E+01
  0.16559447E+01  0.72130864E+01
  0.16660671E+01  0.72017442E+01
  0.16761894E+01  0.71911590E+01
  0.16863118E+01  0.71812885E+01
  0.16964341E+01  0.71720881E+01
  0.17065565E+01  0.71635114E+01
  0.17166788E+01  0.71555102E+01
  0.17268012E+01  0.71480350E+01
  0.17369235E+01  0.71410352E+01
  0.17470459E+01  0.71344594E+01
  0.17571682E+01  0.71282557E+01
  0.17672906E+01  0.71223722E+01
  0.17774129E+01  0.71167568E+01
  0.17875353E+01  0.71113583E+01
  0.17976576E+01  0.71061261E+01
  0.18077800E+01  0.71010109E+01
  0.18179023E+01  0.70959646E+01
  0.18280247E+01  0.70909413E+01
  0.18381470E+01  0.70858970E+01
  0.18482694E+01  0.70807903E+01
  0.18583917E+01  0.70755824E+01
  0.18685141E+01  0.70702379E+01
  0.18786364E+01  0.70647246E+01
  0.18887588E+01  0.70590139E+01
  0.18988811E+01  0.70530816E+01
  0.19090035E+01  0.70469074E+01
  0.19191258E+01  0.70404756E+01
  0.19292482E+01  0.70337753E+01
  0.19393705E+01  0.70268005E+01
  0.19494929E+01  0.70195504E+01
  0.19596152E+01  0.70120296E+01
  0.19697376E+01  0.70042479E+01
  0.19798599E+01  0.69962209E+01
  0.19899823E+01  0.69879696E+01
  0.20001046E+01  0.69795209E+01
  0.20102270E+01  0.69709068E+01
  0.20203493E+01  0.69621646E+01
  0.20304717E+01  0.69533358E+01
  0.20405940E+01  0.69444634E+01
  0.20507164E+01  0.69355837E+01
  0.20608387E+01  0.69266808E+01
  0.20709611E+01  0.69172465E+01
  0.20810834E+01  0.69051622E+01
  0.20912058E+01  0.68932493E+01
  0.21013281E+01  0.68831385E+01
  0.21114505E+01  0.68749063E+01
  0.21215728E+01  0.68684839E+01
  0.21316952E+01  0.68637761E+01
  0.21418175E+01  0.68606797E+01
  0.21519399E+01  0.68590881E+01
  0.21620622E+01  0.68588931E+01
  0.21721846E+01  0.68599856E+01
  0.21721846E+01  0.68599857E+01
  0.21822226E+01  0.68599277E+01
  0.21922607E+01  0.68599129E+01
  0.22022988E+01  0.68598910E+01
  0.22123369E+01  0.68598667E+01
  0.22223749E+01  0.68598465E+01
  0.22324130E+01  0.68598390E+01
  0.22424511E+01  0.68598546E+01
  0.22524891E+01  0.68599054E+01
  0.22625272E+01  0.68600054E+01
  0.22725653E+01  0.68601705E+01
  0.22826034E+01  0.68604179E+01
  0.22926414E+01  0.68607667E+01
  0.23026795E+01  0.68612377E+01
  0.23127176E+01  0.68618530E+01
  0.23227556E+01  0.68626364E+01
  0.23327937E+01  0.68636128E+01
  0.23428318E+01  0.68648088E+01
  0.23528699E+01  0.68662522E+01
  0.23629079E+01  0.68679719E+01
  0.23729460E+01  0.68699980E+01
  0.23829841E+01  0.68723618E+01
  0.23930222E+01  0.68750955E+01
  0.24030602E+01  0.68782324E+01
  0.24130983E+01  0.68818063E+01
  0.24231364E+01  0.68858523E+01
  0.24331744E+01  0.68904057E+01
  0.24432125E+01  0.68955030E+01
  0.24532506E+01  0.69011807E+01
  0.24632887E+01  0.69074761E+01
  0.24733267E+01  0.69144269E+01
  0.24833648E+01  0.69220709E+01
  0.24934029E+01  0.69304463E+01
  0.25034410E+01  0.69395913E+01
  0.25134790E+01  0.69495441E+01
  0.25235171E+01  0.69603428E+01
  0.25335552E+01  0.69720253E+01
  0.25435932E+01  0.69846291E+01
  0.25536313E+01  0.69981911E+01
  0.25636694E+01  0.70127476E+01
  0.25737075E+01  0.70283342E+01
  0.25837455E+01  0.70449854E+01
  0.25938659E+01  0.70628845E+01
  0.26039862E+01  0.70819322E+01
  0.26141066E+01  0.71021596E+01
  0.26242269E+01  0.71235958E+01
  0.26343473E+01  0.71462680E+01
  0.26444676E+01  0.71702006E+01
  0.26545880E+01  0.71954158E+01
  0.26647083E+01  0.72219326E+01
  0.26748287E+01  0.72497668E+01
  0.26849490E+01  0.72789307E+01
  0.26950694E+01  0.73094330E+01
  0.27051897E+01  0.73412781E+01
  0.27153101E+01  0.73744661E+01
  0.27254305E+01  0.74089924E+01
  0.27355508E+01  0.74448475E+01
  0.27456712E+01  0.74820169E+01
  0.27557915E+01  0.75204805E+01
  0.27659119E+01  0.75602126E+01
  0.27760322E+01  0.76011816E+01
  0.27861526E+01  0.76433502E+01
  0.27962729E+01  0.76866746E+01
  0.28063933E+01  0.77311051E+01
  0.28165136E+01  0.77765855E+01
  0.28266340E+01  0.78230532E+01
  0.28367543E+01  0.78704397E+01
  0.28468747E+01  0.79186700E+01
  0.28569950E+01  0.79676629E+01
  0.28671154E+01  0.80173315E+01
  0.28772357E+01  0.80675830E+01
  0.28873561E+01  0.81183193E+01
  0.28974764E+01  0.81694371E+01
  0.29075968E+01  0.82208284E+01
  0.29177171E+01  0.82723809E+01
  0.29278375E+01  0.83239785E+01
  0.29379578E+01  0.83755019E+01
  0.29480782E+01  0.84268292E+01
  0.29581985E+01  0.84778366E+01
  0.29683189E+01  0.85283991E+01
  0.29784392E+01  0.85783913E+01
  0.29885596E+01  0.86276880E+01
  0.29986799E+01  0.86761655E+01
  0.30088003E+01  0.87237022E+01
  0.30189206E+01  0.87701794E+01
  0.30290410E+01  0.88154825E+01
  0.30391614E+01  0.88595016E+01
  0.30492817E+01  0.89021326E+01
  0.30594021E+01  0.89432781E+01
  0.30695224E+01  0.89828480E+01
  0.30796428E+01  0.90207601E+01
  0.30897631E+01  0.90569412E+01
  0.30998835E+01  0.90913273E+01
  0.31100038E+01  0.91238641E+01
  0.31201242E+01  0.91545073E+01
  0.31302445E+01  0.91832228E+01
  0.31403649E+01  0.92099870E+01
  0.31504852E+01  0.92347860E+01
  0.31606056E+01  0.92576164E+01
  0.31707259E+01  0.92784842E+01
  0.31808463E+01  0.92974046E+01
  0.31909666E+01  0.93144018E+01
  0.32010870E+01  0.93295079E+01
  0.32112073E+01  0.93427627E+01
  0.32213277E+01  0.93542126E+01
  0.32314480E+01  0.93639102E+01
  0.32415684E+01  0.93719135E+01
  0.32516887E+01  0.93782850E+01
  0.32618091E+01  0.93830909E+01
  0.32719294E+01  0.93864007E+01
  0.32820498E+01  0.93882860E+01
  0.32921701E+01  0.93888203E+01
  0.33022905E+01  0.93880778E+01
  0.33124108E+01  0.93861328E+01
  0.33225312E+01  0.93830591E+01
  0.33326515E+01  0.93789287E+01
  0.33427719E+01  0.93738109E+01
  0.33528923E+01  0.93677703E+01
  0.33630126E+01  0.93608648E+01
  0.33731330E+01  0.93531401E+01
  0.33832533E+01  0.93446219E+01
  0.33933737E+01  0.93352964E+01
  0.34034940E+01  0.93250667E+01
  0.34136144E+01  0.93136399E+01
  0.34237347E+01  0.93002489E+01
  0.34338551E+01  0.92833342E+01
  0.34439754E+01  0.92618500E+01
  0.34540958E+01  0.92373629E+01
  0.34642161E+01  0.92119084E+01
  0.34743365E+01  0.91865142E+01
  0.34844568E+01  0.91616141E+01
  0.34945772E+01  0.91374046E+01
  0.35046975E+01  0.91139850E+01
  0.35148179E+01  0.90914103E+01
  0.35249382E+01  0.90697129E+01
  0.35350586E+01  0.90489125E+01
  0.35451789E+01  0.90290205E+01
  0.35552993E+01  0.90100433E+01
  0.35654196E+01  0.89919828E+01
  0.35755400E+01  0.89748377E+01
  0.35856603E+01  0.89586039E+01
  0.35957807E+01  0.89432748E+01
  0.36059010E+01  0.89288412E+01
  0.36160214E+01  0.89152919E+01
  0.36261417E+01  0.89026134E+01
  0.36362621E+01  0.88907901E+01
  0.36463824E+01  0.88798045E+01
  0.36565028E+01  0.88696370E+01
  0.36666232E+01  0.88602663E+01
  0.36767435E+01  0.88516698E+01
  0.36868639E+01  0.88438232E+01
  0.36969842E+01  0.88367012E+01
  0.37071046E+01  0.88302779E+01
  0.37172249E+01  0.88245269E+01
  0.37273453E+01  0.88194220E+01
  0.37374656E+01  0.88149373E+01
  0.37475860E+01  0.88110483E+01
  0.37577063E+01  0.88077317E+01
  0.37678267E+01  0.88049667E+01
  0.37779470E+01  0.88027357E+01
  0.37880674E+01  0.88010259E+01
  0.37981877E+01  0.87998353E+01
  0.38083081E+01  0.87991985E+01
  0.38184284E+01  0.87993304E+01

  0.00000000E+00  0.95610606E+01
  0.10081144E-01  0.95606033E+01
  0.20162287E-01  0.95611663E+01
  0.30243431E-01  0.95628445E+01
  0.40324575E-01  0.95656191E+01
  0.50405718E-01  0.95694642E+01
  0.60486862E-01  0.95743478E+01
  0.70568006E-01  0.95802325E+01
  0.80649149E-01  0.95870752E+01
  0.90730293E-01  0.95948282E+01
  0.10081144E+00  0.96034390E+01
  0.11089258E+00  0.96128508E+01
  0.12097372E+00  0.96230029E+01
  0.13105487E+00  0.96338308E+01
  0.14113601E+00  0.96452669E+01
  0.15121715E+00  0.96572406E+01
  0.16129830E+00  0.96696788E+01
  0.17137944E+00  0.96825061E+01
  0.18146059E+00  0.96956453E+01
  0.19154173E+00  0.97090179E+01
  0.20162287E+00  0.97225444E+01
  0.21170402E+00  0.97361444E+01
  0.22178516E+00  0.97497374E+01
  0.23186630E+00  0.97632431E+01
  0.24194745E+00  0.97765817E+01
  0.25202859E+00  0.97896741E+01
  0.26210973E+00  0.98024426E+01
  0.27219088E+00  0.98148111E+01
  0.28227202E+00  0.98267054E+01
  0.29235317E+00  0.98380535E+01
  0.30243431E+00  0.98487859E+01
  0.31251545E+00  0.98588362E+01
  0.32259660E+00  0.98681407E+01
  0.33267774E+00  0.98766392E+01
  0.34275888E+00  0.98842751E+01
  0.35284003E+00  0.98909954E+01
  0.36292117E+00  0.98967511E+01
  0.37300231E+00  0.99014971E+01
  0.38308346E+00  0.99051925E+01
  0.39316460E+00  0.99078006E+01
  0.40324575E+00  0.99092890E+01
  0.41332689E+00  0.99096297E+01
  0.42340803E+00  0.99087990E+01
  0.43348918E+00  0.99067776E+01
  0.44357032E+00  0.99035504E+01
  0.45365146E+00  0.98991066E+01
  0.46373261E+00  0.98934398E+01
  0.47381375E+00  0.98865474E+01
  0.48389489E+00  0.98784308E+01
  0.49397604E+00  0.98690935E+01
  0.50405718E+00  0.98583406E+01
  0.51413833E+00  0.98414381E+01
  0.52421947E+00  0.98230775E+01
  0.53430061E+00  0.98035014E+01
  0.54438176E+00  0.97827658E+01
  0.55446290E+00  0.97609287E+01
  0.56454404E+00  0.97380516E+01
  0.57462519E+00  0.97141991E+01
  0.58470633E+00  0.96894388E+01
  0.59478747E+00  0.96638408E+01
  0.60486862E+00  0.96374775E+01
  0.61494976E+00  0.96104230E+01
  0.62503091E+00  0.95827532E+01
  0.63511205E+00  0.95545451E+01
  0.64519319E+00  0.95258768E+01
  0.65527434E+00  0.94968268E+01
  0.66535548E+00  0.94674742E+01
  0.67543662E+00  0.94378981E+01
  0.68551777E+00  0.94081777E+01
  0.69559891E+00  0.93783914E+01
  0.70568006E+00  0.93486177E+01
  0.71576120E+00  0.93189339E+01
  0.72584234E+00  0.92894167E+01
  0.73592349E+00  0.92601419E+01
  0.74600463E+00  0.92311842E+01
  0.75608577E+00  0.92026171E+01
  0.76616692E+00  0.91745130E+01
  0.77624806E+00  0.91469434E+01
  0.78632920E+00  0.91199783E+01
  0.79641035E+00  0.90936871E+01
  0.80649149E+00  0.90681381E+01
  0.81657264E+00  0.90433994E+01
  0.82665378E+00  0.90195391E+01
  0.83673492E+00  0.89966264E+01
  0.84681607E+00  0.89747344E+01
  0.85689721E+00  0.89539436E+01
  0.86697835E+00  0.89343537E+01
  0.87705950E+00  0.89161110E+01
  0.88714064E+00  0.88994908E+01
  0.89722178E+00  0.88851240E+01
  0.90730293E+00  0.88739770E+01
  0.91738407E+00  0.88652115E+01
  0.92746522E+00  0.88565000E+01
  0.93754636E+00  0.88469134E+01
  0.94762750E+00  0.88367024E+01
  0.95770865E+00  0.88266755E+01
  0.96778979E+00  0.88176115E+01
  0.97787093E+00  0.88100147E+01
  0.98795208E+00  0.88042322E+01
  0.99803322E+00  0.88005802E+01
  0.10081144E+01  0.87993305E+01
  0.10182367E+01  0.88011403E+01
  0.10283591E+01  0.88070056E+01
  0.10384814E+01  0.88170561E+01
  0.10486038E+01  0.88312066E+01
  0.10587261E+01  0.88493231E+01
  0.10688485E+01  0.88712423E+01
  0.10789708E+01  0.88967802E+01
  0.10890932E+01  0.89257378E+01
  0.10992155E+01  0.89579071E+01
  0.11093379E+01  0.89930760E+01
  0.11194602E+01  0.90310324E+01
  0.11295826E+01  0.90715681E+01
  0.11397049E+01  0.91144813E+01
  0.11498273E+01  0.91595789E+01
  0.11599496E+01  0.92066777E+01
  0.11700720E+01  0.92556057E+01
  0.11801943E+01  0.93062022E+01
  0.11903167E+01  0.93583184E+01
  0.12004390E+01  0.94118173E+01
  0.12105614E+01  0.94665732E+01
  0.12206837E+01  0.95224717E+01
  0.12308061E+01  0.95794091E+01
  0.12409284E+01  0.96372919E+01
  0.12510508E+01  0.96960364E+01
  0.12611731E+01  0.97555683E+01
  0.12712955E+01  0.98158222E+01
  0.12814178E+01  0.98767409E+01
  0.12915402E+01  0.99382753E+01
  0.13016625E+01  0.10000384E+02
  0.13117849E+01  0.10063032E+02
  0.13219072E+01  0.10126191E+02
  0.13320296E+01  0.10189842E+02
  0.13421519E+01  0.10253967E+02
  0.13522742E+01  0.10318557E+02
  0.13623966E+01  0.10383607E+02
  0.13725189E+01  0.10449118E+02
  0.13826413E+01  0.10515090E+02
  0.13927636E+01  0.10581529E+02
  0.14028860E+01  0.10648437E+02
  0.14130083E+01  0.10715797E+02
  0.14231307E+01  0.10783528E+02
  0.14332530E+01  0.10851093E+02
  0.14433754E+01  0.10904345E+02
  0.14534977E+01  0.10887586E+02
  0.14636201E+01  0.10855784E+02
  0.14737424E+01  0.10818730E+02
  0.14838648E+01  0.10777286E+02
  0.14939871E+01  0.10731725E+02
  0.15041095E+01  0.10682208E+02
  0.15142318E+01  0.10628874E+02
  0.15243542E+01  0.10571856E+02
  0.15344765E+01  0.10511294E+02
  0.15445989E+01  0.10447335E+02
  0.15547212E+01  0.10380134E+02
  0.15648436E+01  0.10309854E+02
  0.15749659E+01  0.10236665E+02
  0.15850883E+01  0.10160748E+02
  0.15952106E+01  0.10082289E+02
  0.16053330E+01  0.10001481E+02
  0.16154553E+01  0.99185240E+01
  0.16255777E+01  0.98336215E+01
  0.16357000E+01  0.97469828E+01
  0.16458224E+01  0.96588207E+01
  0.16559447E+01  0.95693508E+01
  0.16660671E+01  0.94787907E+01
  0.16761894E+01  0.93873594E+01
  0.16863118E+01  0.92952762E+01
  0.16964341E+01  0.92027598E+01
  0.17065565E+01  0.91100278E+01
  0.17166788E+01  0.90172954E+01
  0.17268012E+01  0.89247750E+01
  0.17369235E+01  0.88326749E+01
  0.17470459E+01  0.87411992E+01
  0.17571682E+01  0.86505461E+01
  0.17672906E+01  0.85609080E+01
  0.17774129E+01  0.84724705E+01
  0.17875353E+01  0.83854116E+01
  0.17976576E+01  0.82999011E+01
  0.18077800E+01  0.82161003E+01
  0.18179023E+01  0.81341613E+01
  0.18280247E+01  0.80542264E+01
  0.18381470E+01  0.79764280E+01
  0.18482694E+01  0.79008881E+01
  0.18583917E+01  0.78277180E+01
  0.18685141E+01  0.77570180E+01
  0.18786364E+01  0.76888774E+01
  0.18887588E+01  0.76233744E+01
  0.18988811E+01  0.75605759E+01
  0.19090035E+01  0.75005378E+01
  0.19191258E+01  0.74433046E+01
  0.19292482E+01  0.73889101E+01
  0.19393705E+01  0.73373771E+01
  0.19494929E+01  0.72887179E+01
  0.19596152E+01  0.72429344E+01
  0.19697376E+01  0.72000188E+01
  0.19798599E+01  0.71599533E+01
  0.19899823E+01  0.71227111E+01
  0.20001046E+01  0.70882567E+01
  0.20102270E+01  0.70565466E+01
  0.20203493E+01  0.70275297E+01
  0.20304717E+01  0.70011493E+01
  0.20405940E+01  0.69773455E+01
  0.20507164E+01  0.69560647E+01
  0.20608387E+01  0.69373048E+01
  0.20709611E+01  0.69215557E+01
  0.20810834E+01  0.69109186E+01
  0.20912058E+01  0.69025549E+01
  0.21013281E+01  0.68948176E+01
  0.21114505E+01  0.68876153E+01
  0.21215728E+01  0.68810034E+01
  0.21316952E+01  0.68750651E+01
  0.21418175E+01  0.68698938E+01
  0.21519399E+01  0.68655883E+01
  0.21620622E+01  0.68622509E+01
  0.21721846E+01  0.68599873E+01
  0.21721846E+01  0.68599878E+01
  0.21822226E+01  0.68651703E+01
  0.21922607E+01  0.68804984E+01
  0.22022988E+01  0.69058359E+01
  0.22123369E+01  0.69408811E+01
  0.22223749E+01  0.69852373E+01
  0.22324130E+01  0.70384348E+01
  0.22424511E+01  0.70999531E+01
  0.22524891E+01  0.71692422E+01
  0.22625272E+01  0.72457411E+01
  0.22725653E+01  0.73288925E+01
  0.22826034E+01  0.74181537E+01
  0.22926414E+01  0.75130044E+01
  0.23026795E+01  0.76129509E+01
  0.23127176E+01  0.77175284E+01
  0.23227556E+01  0.78263016E+01
  0.23327937E+01  0.79388634E+01
  0.23428318E+01  0.80548340E+01
  0.23528699E+01  0.81738584E+01
  0.23629079E+01  0.82956039E+01
  0.23729460E+01  0.84197585E+01
  0.23829841E+01  0.85460282E+01
  0.23930222E+01  0.86741346E+01
  0.24030602E+01  0.88038138E+01
  0.24130983E+01  0.89348140E+01
  0.24231364E+01  0.90668941E+01
  0.24331744E+01  0.91998226E+01
  0.24432125E+01  0.93333762E+01
  0.24532506E+01  0.94673388E+01
  0.24632887E+01  0.96015009E+01
  0.24733267E+01  0.97356587E+01
  0.24833648E+01  0.98696134E+01
  0.24934029E+01  0.10003171E+02
  0.25034410E+01  0.10136142E+02
  0.25134790E+01  0.10268341E+02
  0.25235171E+01  0.10399585E+02
  0.25335552E+01  0.10529697E+02
  0.25435932E+01  0.10658502E+02
  0.25536313E+01  0.10785827E+02
  0.25636694E+01  0.10911506E+02
  0.25737075E+01  0.11035373E+02
  0.25837455E+01  0.11157267E+02
  0.25938659E+01  0.11278001E+02
  0.26039862E+01  0.11396408E+02
  0.26141066E+01  0.11512331E+02
  0.26242269E+01  0.11625615E+02
  0.26343473E+01  0.11736106E+02
  0.26444676E+01  0.11843647E+02
  0.26545880E+01  0.11948078E+02
  0.26647083E+01  0.12049220E+02
  0.26748287E+01  0.12146863E+02
  0.26849490E+01  0.12240708E+02
  0.26950694E+01  0.12330206E+02
  0.27051897E+01  0.12413882E+02
  0.27153101E+01  0.12484784E+02
  0.27254305E+01  0.12500372E+02
  0.27355508E+01  0.12448784E+02
  0.27456712E+01  0.12384509E+02
  0.27557915E+01  0.12318737E+02
  0.27659119E+01  0.12253364E+02
  0.27760322E+01  0.12188922E+02
  0.27861526E+01  0.12125604E+02
  0.27962729E+01  0.12063486E+02
  0.28063933E+01  0.12002589E+02
  0.28165136E+01  0.11942912E+02
  0.28266340E+01  0.11884434E+02
  0.28367543E+01  0.11827126E+02
  0.28468747E+01  0.11770951E+02
  0.28569950E+01  0.11715869E+02
  0.28671154E+01  0.11661831E+02
  0.28772357E+01  0.11608790E+02
  0.28873561E+01  0.11556693E+02
  0.28974764E+01  0.11505487E+02
  0.29075968E+01  0.11455117E+02
  0.29177171E+01  0.11405529E+02
  0.29278375E+01  0.11356666E+02
  0.29379578E+01  0.11308474E+02
  0.29480782E+01  0.11260897E+02
  0.29581985E+01  0.11213884E+02
  0.29683189E+01  0.11167382E+02
  0.29784392E+01  0.11121341E+02
  0.29885596E+01  0.11075713E+02
  0.29986799E+01  0.11030453E+02
  0.30088003E+01  0.10985518E+02
  0.30189206E+01  0.10940868E+02
  0.30290410E+01  0.10896467E+02
  0.30391614E+01  0.10852280E+02
  0.30492817E+01  0.10808278E+02
  0.30594021E+01  0.10764435E+02
  0.30695224E+01  0.10720728E+02
  0.30796428E+01  0.10677137E+02
  0.30897631E+01  0.10633648E+02
  0.30998835E+01  0.10590249E+02
  0.31100038E+01  0.10546933E+02
  0.31201242E+01  0.10503695E+02
  0.31302445E+01  0.10460536E+02
  0.31403649E+01  0.10417458E+02
  0.31504852E+01  0.10374469E+02
  0.31606056E+01  0.10331579E+02
  0.31707259E+01  0.10288801E+02
  0.31808463E+01  0.10246152E+02
  0.31909666E+01  0.10203651E+02
  0.32010870E+01  0.10161320E+02
  0.32112073E+01  0.10119184E+02
  0.32213277E+01  0.10077268E+02
  0.32314480E+01  0.10035602E+02
  0.32415684E+01  0.99942162E+01
  0.32516887E+01  0.99531418E+01
  0.32618091E+01  0.99124124E+01
  0.32719294E+01  0.98720620E+01
  0.32820498E+01  0.98321259E+01
  0.32921701E+01  0.97926399E+01
  0.33022905E+01  0.97536404E+01
  0.33124108E+01  0.97151646E+01
  0.33225312E+01  0.96772499E+01
  0.33326515E+01  0.96399351E+01
  0.33427719E+01  0.96032599E+01
  0.33528923E+01  0.95672670E+01
  0.33630126E+01  0.95320033E+01
  0.33731330E+01  0.94975245E+01
  0.33832533E+01  0.94639032E+01
  0.33933737E+01  0.94312473E+01
  0.34034940E+01  0.93997438E+01
  0.34136144E+01  0.93697708E+01
  0.34237347E+01  0.93421762E+01
  0.34338551E+01  0.93185945E+01
  0.34439754E+01  0.93001415E+01
  0.34540958E+01  0.92853151E+01
  0.34642161E+01  0.92721381E+01
  0.34743365E+01  0.92596352E+01
  0.34844568E+01  0.92474191E+01
  0.34945772E+01  0.92353329E+01
  0.35046975E+01  0.92233106E+01
  0.35148179E+01  0.92113236E+01
  0.35249382E+01  0.91993584E+01
  0.35350586E+01  0.91874072E+01
  0.35451789E+01  0.91754619E+01
  0.35552993E+01  0.91635119E+01
  0.35654196E+01  0.91515414E+01
  0.35755400E+01  0.91395280E+01
  0.35856603E+01  0.91274415E+01
  0.35957807E+01  0.91152414E+01
  0.36059010E+01  0.91028735E+01
  0.36160214E+01  0.90902632E+01
  0.36261417E+01  0.90772944E+01
  0.36362621E+01  0.90637310E+01
  0.36463824E+01  0.90487670E+01
  0.36565028E+01  0.90288673E+01
  0.36666232E+01  0.90033631E+01
  0.36767435E+01  0.89777323E+01
  0.36868639E+01  0.89534830E+01
  0.36969842E+01  0.89308965E+01
  0.37071046E+01  0.89100523E+01
  0.37172249E+01  0.88909807E+01
  0.37273453E+01  0.88736963E+01
  0.37374656E+01  0.88582080E+01
  0.37475860E+01  0.88445225E+01
  0.37577063E+01  0.88326453E+01
  0.37678267E+01  0.88225815E+01
  0.37779470E+01  0.88143350E+01
  0.37880674E+01  0.88079067E+01
  0.37981877E+01  0.88032897E+01
  0.38083081E+01  0.88004444E+01
  0.38184284E+01  0.87993305E+01

  0.00000000E+00  0.95612740E+01
  0.10081144E-01  0.95628645E+01
  0.20162287E-01  0.95657025E+01
  0.30243431E-01  0.95696725E+01
  0.40324575E-01  0.95747589E+01
  0.50405718E-01  0.95809401E+01
  0.60486862E-01  0.95881874E+01
  0.70568006E-01  0.95964647E+01
  0.80649149E-01  0.96057292E+01
  0.90730293E-01  0.96159312E+01
  0.10081144E+00  0.96270143E+01
  0.11089258E+00  0.96389161E+01
  0.12097372E+00  0.96515682E+01
  0.13105487E+00  0.96648968E+01
  0.14113601E+00  0.96788230E+01
  0.15121715E+00  0.96932637E+01
  0.16129830E+00  0.97081316E+01
  0.17137944E+00  0.97233363E+01
  0.18146059E+00  0.97387842E+01
  0.19154173E+00  0.97543799E+01
  0.20162287E+00  0.97700259E+01
  0.21170402E+00  0.97856240E+01
  0.22178516E+00  0.98010753E+01
  0.23186630E+00  0.98162812E+01
  0.24194745E+00  0.98311438E+01
  0.25202859E+00  0.98455663E+01
  0.26210973E+00  0.98594537E+01
  0.27219088E+00  0.98727136E+01
  0.28227202E+00  0.98852561E+01
  0.29235317E+00  0.98969950E+01
  0.30243431E+00  0.99078476E+01
  0.31251545E+00  0.99177356E+01
  0.32259660E+00  0.99265852E+01
  0.33267774E+00  0.99343275E+01
  0.34275888E+00  0.99408991E+01
  0.35284003E+00  0.99462420E+01
  0.36292117E+00  0.99503043E+01
  0.37300231E+00  0.99530398E+01
  0.38308346E+00  0.99544089E+01
  0.39316460E+00  0.99543780E+01
  0.40324575E+00  0.99529202E+01
  0.41332689E+00  0.99500151E+01
  0.42340803E+00  0.99456488E+01
  0.43348918E+00  0.99398138E+01
  0.44357032E+00  0.99325092E+01
  0.45365146E+00  0.99237406E+01
  0.46373261E+00  0.99135197E+01
  0.47381375E+00  0.99018643E+01
  0.48389489E+00  0.98887985E+01
  0.49397604E+00  0.98743540E+01
  0.50405718E+00  0.98587695E+01
  0.51413833E+00  0.98468327E+01
  0.52421947E+00  0.98339135E+01
  0.53430061E+00  0.98198389E+01
  0.54438176E+00  0.98046304E+01
  0.55446290E+00  0.97883141E+01
  0.56454404E+00  0.97709195E+01
  0.57462519E+00  0.97524790E+01
  0.58470633E+00  0.97330278E+01
  0.59478747E+00  0.97126037E+01
  0.60486862E+00  0.96912469E+01
  0.61494976E+00  0.96690000E+01
  0.62503091E+00  0.96459079E+01
  0.63511205E+00  0.96220176E+01
  0.64519319E+00  0.95973783E+01
  0.65527434E+00  0.95720412E+01
  0.66535548E+00  0.95460596E+01
  0.67543662E+00  0.95194887E+01
  0.68551777E+00  0.94923858E+01
  0.69559891E+00  0.94648101E+01
  0.70568006E+00  0.94368231E+01
  0.71576120E+00  0.94084882E+01
  0.72584234E+00  0.93798713E+01
  0.73592349E+00  0.93510403E+01
  0.74600463E+00  0.93220657E+01
  0.75608577E+00  0.92930205E+01
  0.76616692E+00  0.92639802E+01
  0.77624806E+00  0.92350232E+01
  0.78632920E+00  0.92062309E+01
  0.79641035E+00  0.91776872E+01
  0.80649149E+00  0.91494795E+01
  0.81657264E+00  0.91216979E+01
  0.82665378E+00  0.90944359E+01
  0.83673492E+00  0.90677898E+01
  0.84681607E+00  0.90418589E+01
  0.85689721E+00  0.90167455E+01
  0.86697835E+00  0.89925545E+01
  0.87705950E+00  0.89693940E+01
  0.88714064E+00  0.89473754E+01
  0.89722178E+00  0.89266150E+01
  0.90730293E+00  0.89072364E+01
  0.91738407E+00  0.88893738E+01
  0.92746522E+00  0.88731649E+01
  0.93754636E+00  0.88586892E+01
  0.94762750E+00  0.88458202E+01
  0.95770865E+00  0.88342563E+01
  0.96778979E+00  0.88238924E+01
  0.97787093E+00  0.88149487E+01
  0.98795208E+00  0.88077553E+01
  0.99803322E+00  0.88025337E+01
  0.10081144E+01  0.87993307E+01
  0.10182367E+01  0.88023973E+01
  0.10283591E+01  0.88094771E+01
  0.10384814E+01  0.88207792E+01
  0.10486038E+01  0.88362243E+01
  0.10587261E+01  0.88556833E+01
  0.10688485E+01  0.88789939E+01
  0.10789708E+01  0.89059688E+01
  0.10890932E+01  0.89364018E+01
  0.10992155E+01  0.89700750E+01
  0.11093379E+01  0.90067641E+01
  0.11194602E+01  0.90462440E+01
  0.11295826E+01  0.90882929E+01
  0.11397049E+01  0.91326954E+01
  0.11498273E+01  0.91792455E+01
  0.11599496E+01  0.92277479E+01
  0.11700720E+01  0.92780195E+01
  0.11801943E+01  0.93298899E+01
  0.11903167E+01  0.93832013E+01
  0.12004390E+01  0.94378090E+01
  0.12105614E+01  0.94935810E+01
  0.12206837E+01  0.95503973E+01
  0.12308061E+01  0.96081497E+01
  0.12409284E+01  0.96667414E+01
  0.12510508E+01  0.97260861E+01
  0.12611731E+01  0.97861078E+01
  0.12712955E+01  0.98467398E+01
  0.12814178E+01  0.99079249E+01
  0.12915402E+01  0.99696140E+01
  0.13016625E+01  0.10031767E+02
  0.13117849E+01  0.10094349E+02
  0.13219072E+01  0.10157337E+02
  0.13320296E+01  0.10220709E+02
  0.13421519E+01  0.10284453E+02
  0.13522742E+01  0.10348562E+02
  0.13623966E+01  0.10413033E+02
  0.13725189E+01  0.10477868E+02
  0.13826413E+01  0.10543071E+02
  0.13927636E+01  0.10608646E+02
  0.14028860E+01  0.10674590E+02
  0.14130083E+01  0.10740872E+02
  0.14231307E+01  0.10807349E+02
  0.14332530E+01  0.10873167E+02
  0.14433754E+01  0.10929194E+02
  0.14534977E+01  0.10993801E+02
  0.14636201E+01  0.11063619E+02
  0.14737424E+01  0.11134587E+02
  0.14838648E+01  0.11206422E+02
  0.14939871E+01  0.11279089E+02
  0.15041095E+01  0.11352599E+02
  0.15142318E+01  0.11426981E+02
  0.15243542E+01  0.11502267E+02
  0.15344765E+01  0.11578493E+02
  0.15445989E+01  0.11655692E+02
  0.15547212E+01  0.11733899E+02
  0.15648436E+01  0.11813145E+02
  0.15749659E+01  0.11893460E+02
  0.15850883E+01  0.11974870E+02
  0.15952106E+01  0.12056532E+02
  0.16053330E+01  0.12138460E+02
  0.16154553E+01  0.12221532E+02
  0.16255777E+01  0.12305763E+02
  0.16357000E+01  0.12391159E+02
  0.16458224E+01  0.12477722E+02
  0.16559447E+01  0.12565447E+02
  0.16660671E+01  0.12654325E+02
  0.16761894E+01  0.12744337E+02
  0.16863118E+01  0.12835458E+02
  0.16964341E+01  0.12927656E+02
  0.17065565E+01  0.13020892E+02
  0.17166788E+01  0.13115117E+02
  0.17268012E+01  0.13210277E+02
  0.17369235E+01  0.13306307E+02
  0.17470459E+01  0.13403136E+02
  0.17571682E+01  0.13500683E+02
  0.17672906E+01  0.13598859E+02
  0.17774129E+01  0.13697570E+02
  0.17875353E+01  0.13796708E+02
  0.17976576E+01  0.13896163E+02
  0.18077800E+01  0.13995814E+02
  0.18179023E+01  0.14095534E+02
  0.18280247E+01  0.14195187E+02
  0.18381470E+01  0.14294632E+02
  0.18482694E+01  0.14393723E+02
  0.18583917E+01  0.14492303E+02
  0.18685141E+01  0.14590216E+02
  0.18786364E+01  0.14687296E+02
  0.18887588E+01  0.14783375E+02
  0.18988811E+01  0.14878281E+02
  0.19090035E+01  0.14971839E+02
  0.19191258E+01  0.15063870E+02
  0.19292482E+01  0.15154197E+02
  0.19393705E+01  0.15242637E+02
  0.19494929E+01  0.15329010E+02
  0.19596152E+01  0.15413136E+02
  0.19697376E+01  0.15494835E+02
  0.19798599E+01  0.15573930E+02
  0.19899823E+01  0.15650245E+02
  0.20001046E+01  0.15723609E+02
  0.20102270E+01  0.15793855E+02
  0.20203493E+01  0.15860819E+02
  0.20304717E+01  0.15924346E+02
  0.20405940E+01  0.15984283E+02
  0.20507164E+01  0.16040487E+02
  0.20608387E+01  0.16092821E+02
  0.20709611E+01  0.16141158E+02
  0.20810834E+01  0.16185377E+02
  0.20912058E+01  0.16225369E+02
  0.21013281E+01  0.16261032E+02
  0.21114505E+01  0.16292276E+02
  0.21215728E+01  0.16319022E+02
  0.21316952E+01  0.16341201E+02
  0.21418175E+01  0.16358756E+02
  0.21519399E+01  0.16371640E+02
  0.21620622E+01  0.16379821E+02
  0.21721846E+01  0.16383274E+02
  0.21721846E+01  0.16383275E+02
  0.21822226E+01  0.16375714E+02
  0.21922607E+01  0.16363840E+02
  0.22022988E+01  0.16347679E+02
  0.22123369E+01  0.16327271E+02
  0.22223749E+01  0.16302665E+02
  0.22324130E+01  0.16273921E+02
  0.22424511E+01  0.16241112E+02
  0.22524891E+01  0.16204316E+02
  0.22625272E+01  0.16163627E+02
  0.22725653E+01  0.16119143E+02
  0.22826034E+01  0.16070976E+02
  0.22926414E+01  0.16019242E+02
  0.23026795E+01  0.15964069E+02
  0.23127176E+01  0.15905590E+02
  0.23227556E+01  0.15843947E+02
  0.23327937E+01  0.15779287E+02
  0.23428318E+01  0.15711764E+02
  0.23528699E+01  0.15641537E+02
  0.23629079E+01  0.15568769E+02
  0.23729460E+01  0.15493626E+02
  0.23829841E+01  0.15416279E+02
  0.23930222E+01  0.15336900E+02
  0.24030602E+01  0.15255663E+02
  0.24130983E+01  0.15172742E+02
  0.24231364E+01  0.15088312E+02
  0.24331744E+01  0.15002545E+02
  0.24432125E+01  0.14915615E+02
  0.24532506E+01  0.14827689E+02
  0.24632887E+01  0.14738934E+02
  0.24733267E+01  0.14649511E+02
  0.24833648E+01  0.14559578E+02
  0.24934029E+01  0.14469287E+02
  0.25034410E+01  0.14378783E+02
  0.25134790E+01  0.14288207E+02
  0.25235171E+01  0.14197690E+02
  0.25335552E+01  0.14107358E+02
  0.25435932E+01  0.14017331E+02
  0.25536313E+01  0.13927720E+02
  0.25636694E+01  0.13838630E+02
  0.25737075E+01  0.13750157E+02
  0.25837455E+01  0.13662395E+02
  0.25938659E+01  0.13574719E+02
  0.26039862E+01  0.13487934E+02
  0.26141066E+01  0.13402119E+02
  0.26242269E+01  0.13317348E+02
  0.26343473E+01  0.13233694E+02
  0.26444676E+01  0.13151231E+02
  0.26545880E+01  0.13070036E+02
  0.26647083E+01  0.12990203E+02
  0.26748287E+01  0.12911856E+02
  0.26849490E+01  0.12835206E+02
  0.26950694E+01  0.12760706E+02
  0.27051897E+01  0.12689729E+02
  0.27153101E+01  0.12629098E+02
  0.27254305E+01  0.12621178E+02
  0.27355508E+01  0.12677503E+02
  0.27456712E+01  0.12742701E+02
  0.27557915E+01  0.12801049E+02
  0.27659119E+01  0.12818069E+02
  0.27760322E+01  0.12788050E+02
  0.27861526E+01  0.12752063E+02
  0.27962729E+01  0.12716712E+02
  0.28063933E+01  0.12683011E+02
  0.28165136E+01  0.12651217E+02
  0.28266340E+01  0.12621397E+02
  0.28367543E+01  0.12593557E+02
  0.28468747E+01  0.12567674E+02
  0.28569950E+01  0.12543709E+02
  0.28671154E+01  0.12521619E+02
  0.28772357E+01  0.12501356E+02
  0.28873561E+01  0.12482867E+02
  0.28974764E+01  0.12466100E+02
  0.29075968E+01  0.12451001E+02
  0.29177171E+01  0.12437514E+02
  0.29278375E+01  0.12425585E+02
  0.29379578E+01  0.12415159E+02
  0.29480782E+01  0.12406181E+02
  0.29581985E+01  0.12398593E+02
  0.29683189E+01  0.12392341E+02
  0.29784392E+01  0.12387367E+02
  0.29885596E+01  0.12383614E+02
  0.29986799E+01  0.12381022E+02
  0.30088003E+01  0.12379531E+02
  0.30189206E+01  0.12379079E+02
  0.30290410E+01  0.12379599E+02
  0.30391614E+01  0.12381024E+02
  0.30492817E+01  0.12383282E+02
  0.30594021E+01  0.12386296E+02
  0.30695224E+01  0.12389988E+02
  0.30796428E+01  0.12394272E+02
  0.30897631E+01  0.12399058E+02
  0.30998835E+01  0.12404249E+02
  0.31100038E+01  0.12409740E+02
  0.31201242E+01  0.12415411E+02
  0.31302445E+01  0.12421077E+02
  0.31403649E+01  0.12420184E+02
  0.31504852E+01  0.12350249E+02
  0.31606056E+01  0.12275945E+02
  0.31707259E+01  0.12200011E+02
  0.31808463E+01  0.12122652E+02
  0.31909666E+01  0.12044025E+02
  0.32010870E+01  0.11964278E+02
  0.32112073E+01  0.11883556E+02
  0.32213277E+01  0.11802003E+02
  0.32314480E+01  0.11719761E+02
  0.32415684E+01  0.11636971E+02
  0.32516887E+01  0.11553772E+02
  0.32618091E+01  0.11470299E+02
  0.32719294E+01  0.11386689E+02
  0.32820498E+01  0.11303073E+02
  0.32921701E+01  0.11219581E+02
  0.33022905E+01  0.11136338E+02
  0.33124108E+01  0.11053467E+02
  0.33225312E+01  0.10971089E+02
  0.33326515E+01  0.10889319E+02
  0.33427719E+01  0.10808268E+02
  0.33528923E+01  0.10728043E+02
  0.33630126E+01  0.10648749E+02
  0.33731330E+01  0.10570482E+02
  0.33832533E+01  0.10493337E+02
  0.33933737E+01  0.10417402E+02
  0.34034940E+01  0.10342760E+02
  0.34136144E+01  0.10269490E+02
  0.34237347E+01  0.10197665E+02
  0.34338551E+01  0.10127351E+02
  0.34439754E+01  0.10058611E+02
  0.34540958E+01  0.99915012E+01
  0.34642161E+01  0.99260723E+01
  0.34743365E+01  0.98623697E+01
  0.34844568E+01  0.98004336E+01
  0.34945772E+01  0.97402986E+01
  0.35046975E+01  0.96819942E+01
  0.35148179E+01  0.96255451E+01
  0.35249382E+01  0.95709710E+01
  0.35350586E+01  0.95182874E+01
  0.35451789E+01  0.94675056E+01
  0.35552993E+01  0.94186332E+01
  0.35654196E+01  0.93716748E+01
  0.35755400E+01  0.93266324E+01
  0.35856603E+01  0.92835067E+01
  0.35957807E+01  0.92422985E+01
  0.36059010E+01  0.92030120E+01
  0.36160214E+01  0.91656618E+01
  0.36261417E+01  0.91302933E+01
  0.36362621E+01  0.90970628E+01
  0.36463824E+01  0.90666874E+01
  0.36565028E+01  0.90426072E+01
  0.36666232E+01  0.90253936E+01
  0.36767435E+01  0.90094739E+01
  0.36868639E+01  0.89932579E+01
  0.36969842E+01  0.89764070E+01
  0.37071046E+01  0.89588264E+01
  0.37172249E+01  0.89405341E+01
  0.37273453E+01  0.89216511E+01
  0.37374656E+01  0.89024141E+01
  0.37475860E+01  0.88831893E+01
  0.37577063E+01  0.88644750E+01
  0.37678267E+01  0.88468866E+01
  0.37779470E+01  0.88311203E+01
  0.37880674E+01  0.88178959E+01
  0.37981877E+01  0.88078853E+01
  0.38083081E+01  0.88016364E+01
  0.38184284E+01  0.87993307E+01

  0.00000000E+00  0.13823821E+02
  0.10081144E-01  0.13824263E+02
  0.20162287E-01  0.13825567E+02
  0.30243431E-01  0.13827721E+02
  0.40324575E-01  0.13830700E+02
  0.50405718E-01  0.13834472E+02
  0.60486862E-01  0.13838996E+02
  0.70568006E-01  0.13844221E+02
  0.80649149E-01  0.13850088E+02
  0.90730293E-01  0.13856530E+02
  0.10081144E+00  0.13863472E+02
  0.11089258E+00  0.13870833E+02
  0.12097372E+00  0.13878524E+02
  0.13105487E+00  0.13886448E+02
  0.14113601E+00  0.13894506E+02
  0.15121715E+00  0.13902590E+02
  0.16129830E+00  0.13910591E+02
  0.17137944E+00  0.13918391E+02
  0.18146059E+00  0.13925875E+02
  0.19154173E+00  0.13932919E+02
  0.20162287E+00  0.13939401E+02
  0.21170402E+00  0.13945195E+02
  0.22178516E+00  0.13950176E+02
  0.23186630E+00  0.13954218E+02
  0.24194745E+00  0.13957196E+02
  0.25202859E+00  0.13958984E+02
  0.26210973E+00  0.13959461E+02
  0.27219088E+00  0.13958505E+02
  0.28227202E+00  0.13956001E+02
  0.29235317E+00  0.13951832E+02
  0.30243431E+00  0.13945890E+02
  0.31251545E+00  0.13938068E+02
  0.32259660E+00  0.13928267E+02
  0.33267774E+00  0.13916391E+02
  0.34275888E+00  0.13902349E+02
  0.35284003E+00  0.13886060E+02
  0.36292117E+00  0.13867446E+02
  0.37300231E+00  0.13846437E+02
  0.38308346E+00  0.13822970E+02
  0.39316460E+00  0.13796989E+02
  0.40324575E+00  0.13768446E+02
  0.41332689E+00  0.13737299E+02
  0.42340803E+00  0.13703516E+02
  0.43348918E+00  0.13667070E+02
  0.44357032E+00  0.13627943E+02
  0.45365146E+00  0.13586125E+02
  0.46373261E+00  0.13541612E+02
  0.47381375E+00  0.13494411E+02
  0.48389489E+00  0.13444532E+02
  0.49397604E+00  0.13391994E+02
  0.50405718E+00  0.13336825E+02
  0.51413833E+00  0.13279056E+02
  0.52421947E+00  0.13218729E+02
  0.53430061E+00  0.13155888E+02
  0.54438176E+00  0.13090587E+02
  0.55446290E+00  0.13022884E+02
  0.56454404E+00  0.12952843E+02
  0.57462519E+00  0.12880533E+02
  0.58470633E+00  0.12806030E+02
  0.59478747E+00  0.12729413E+02
  0.60486862E+00  0.12650768E+02
  0.61494976E+00  0.12570182E+02
  0.62503091E+00  0.12487751E+02
  0.63511205E+00  0.12403573E+02
  0.64519319E+00  0.12317750E+02
  0.65527434E+00  0.12230390E+02
  0.66535548E+00  0.12141603E+02
  0.67543662E+00  0.12051506E+02
  0.68551777E+00  0.11960220E+02
  0.69559891E+00  0.11867870E+02
  0.70568006E+00  0.11774588E+02
  0.71576120E+00  0.11680512E+02
  0.72584234E+00  0.11585786E+02
  0.73592349E+00  0.11490561E+02
  0.74600463E+00  0.11395000E+02
  0.75608577E+00  0.11299273E+02
  0.76616692E+00  0.11203564E+02
  0.77624806E+00  0.11108069E+02
  0.78632920E+00  0.11013000E+02
  0.79641035E+00  0.10918589E+02
  0.80649149E+00  0.10825087E+02
  0.81657264E+00  0.10732770E+02
  0.82665378E+00  0.10641940E+02
  0.83673492E+00  0.10552930E+02
  0.84681607E+00  0.10466105E+02
  0.85689721E+00  0.10381865E+02
  0.86697835E+00  0.10300643E+02
  0.87705950E+00  0.10222903E+02
  0.88714064E+00  0.10149132E+02
  0.89722178E+00  0.10079831E+02
  0.90730293E+00  0.10015490E+02
  0.91738407E+00  0.99565713E+01
  0.92746522E+00  0.99034762E+01
  0.93754636E+00  0.98565209E+01
  0.94762750E+00  0.98159153E+01
  0.95770865E+00  0.97817566E+01
  0.96778979E+00  0.97540389E+01
  0.97787093E+00  0.97326795E+01
  0.98795208E+00  0.97175552E+01
  0.99803322E+00  0.97085420E+01
  0.10081144E+01  0.97055504E+01
  0.10182367E+01  0.97086065E+01
  0.10283591E+01  0.97177256E+01
  0.10384814E+01  0.97327606E+01
  0.10486038E+01  0.97534749E+01
  0.10587261E+01  0.97795535E+01
  0.10688485E+01  0.98106168E+01
  0.10789708E+01  0.98462357E+01
  0.10890932E+01  0.98859467E+01
  0.10992155E+01  0.99292652E+01
  0.11093379E+01  0.99756972E+01
  0.11194602E+01  0.10024750E+02
  0.11295826E+01  0.10075937E+02
  0.11397049E+01  0.10128788E+02
  0.11498273E+01  0.10182848E+02
  0.11599496E+01  0.10237682E+02
  0.11700720E+01  0.10292877E+02
  0.11801943E+01  0.10348039E+02
  0.11903167E+01  0.10402798E+02
  0.12004390E+01  0.10456803E+02
  0.12105614E+01  0.10509724E+02
  0.12206837E+01  0.10561252E+02
  0.12308061E+01  0.10611094E+02
  0.12409284E+01  0.10658976E+02
  0.12510508E+01  0.10704642E+02
  0.12611731E+01  0.10747853E+02
  0.12712955E+01  0.10788383E+02
  0.12814178E+01  0.10826024E+02
  0.12915402E+01  0.10860585E+02
  0.13016625E+01  0.10891886E+02
  0.13117849E+01  0.10919764E+02
  0.13219072E+01  0.10944070E+02
  0.13320296E+01  0.10964672E+02
  0.13421519E+01  0.10981448E+02
  0.13522742E+01  0.10994295E+02
  0.13623966E+01  0.11003124E+02
  0.13725189E+01  0.11007861E+02
  0.13826413E+01  0.11008452E+02
  0.13927636E+01  0.11004865E+02
  0.14028860E+01  0.10997099E+02
  0.14130083E+01  0.10985221E+02
  0.14231307E+01  0.10969497E+02
  0.14332530E+01  0.10951379E+02
  0.14433754E+01  0.10954227E+02
  0.14534977E+01  0.11015469E+02
  0.14636201E+01  0.11083622E+02
  0.14737424E+01  0.11153092E+02
  0.14838648E+01  0.11223447E+02
  0.14939871E+01  0.11294617E+02
  0.15041095E+01  0.11366605E+02
  0.15142318E+01  0.11439434E+02
  0.15243542E+01  0.11513138E+02
  0.15344765E+01  0.11587753E+02
  0.15445989E+01  0.11663315E+02
  0.15547212E+01  0.11739861E+02
  0.15648436E+01  0.11817425E+02
  0.15749659E+01  0.11896039E+02
  0.15850883E+01  0.11975733E+02
  0.15952106E+01  0.12057398E+02
  0.16053330E+01  0.12141063E+02
  0.16154553E+01  0.12225878E+02
  0.16255777E+01  0.12311853E+02
  0.16357000E+01  0.12398992E+02
  0.16458224E+01  0.12487293E+02
  0.16559447E+01  0.12576746E+02
  0.16660671E+01  0.12667336E+02
  0.16761894E+01  0.12759042E+02
  0.16863118E+01  0.12851834E+02
  0.16964341E+01  0.12945676E+02
  0.17065565E+01  0.13040521E+02
  0.17166788E+01  0.13136319E+02
  0.17268012E+01  0.13233007E+02
  0.17369235E+01  0.13330517E+02
  0.17470459E+01  0.13428772E+02
  0.17571682E+01  0.13527686E+02
  0.17672906E+01  0.13627165E+02
  0.17774129E+01  0.13727109E+02
  0.17875353E+01  0.13827407E+02
  0.17976576E+01  0.13927941E+02
  0.18077800E+01  0.14028587E+02
  0.18179023E+01  0.14129212E+02
  0.18280247E+01  0.14229678E+02
  0.18381470E+01  0.14329838E+02
  0.18482694E+01  0.14429541E+02
  0.18583917E+01  0.14528630E+02
  0.18685141E+01  0.14626942E+02
  0.18786364E+01  0.14724310E+02
  0.18887588E+01  0.14820563E+02
  0.18988811E+01  0.14915528E+02
  0.19090035E+01  0.15009027E+02
  0.19191258E+01  0.15100881E+02
  0.19292482E+01  0.15190911E+02
  0.19393705E+01  0.15278934E+02
  0.19494929E+01  0.15364771E+02
  0.19596152E+01  0.15448242E+02
  0.19697376E+01  0.15529168E+02
  0.19798599E+01  0.15607374E+02
  0.19899823E+01  0.15682686E+02
  0.20001046E+01  0.15754936E+02
  0.20102270E+01  0.15823959E+02
  0.20203493E+01  0.15889597E+02
  0.20304717E+01  0.15951696E+02
  0.20405940E+01  0.16010110E+02
  0.20507164E+01  0.16064699E+02
  0.20608387E+01  0.16115334E+02
  0.20709611E+01  0.16161890E+02
  0.20810834E+01  0.16204255E+02
  0.20912058E+01  0.16242324E+02
  0.21013281E+01  0.16276004E+02
  0.21114505E+01  0.16305212E+02
  0.21215728E+01  0.16329874E+02
  0.21316952E+01  0.16349930E+02
  0.21418175E+01  0.16365331E+02
  0.21519399E+01  0.16376037E+02
  0.21620622E+01  0.16382023E+02
  0.21721846E+01  0.16383275E+02
  0.21721846E+01  0.16383275E+02
  0.21822226E+01  0.16386532E+02
  0.21922607E+01  0.16385454E+02
  0.22022988E+01  0.16380045E+02
  0.22123369E+01  0.16370325E+02
  0.22223749E+01  0.16356321E+02
  0.22324130E+01  0.16338072E+02
  0.22424511E+01  0.16315629E+02
  0.22524891E+01  0.16289053E+02
  0.22625272E+01  0.16258416E+02
  0.22725653E+01  0.16223800E+02
  0.22826034E+01  0.16185296E+02
  0.22926414E+01  0.16143007E+02
  0.23026795E+01  0.16097043E+02
  0.23127176E+01  0.16047524E+02
  0.23227556E+01  0.15994578E+02
  0.23327937E+01  0.15938342E+02
  0.23428318E+01  0.15878961E+02
  0.23528699E+01  0.15816584E+02
  0.23629079E+01  0.15751371E+02
  0.23729460E+01  0.15683485E+02
  0.23829841E+01  0.15613095E+02
  0.23930222E+01  0.15540379E+02
  0.24030602E+01  0.15465513E+02
  0.24130983E+01  0.15388684E+02
  0.24231364E+01  0.15310077E+02
  0.24331744E+01  0.15229883E+02
  0.24432125E+01  0.15148295E+02
  0.24532506E+01  0.15065509E+02
  0.24632887E+01  0.14981720E+02
  0.24733267E+01  0.14897125E+02
  0.24833648E+01  0.14811923E+02
  0.24934029E+01  0.14726309E+02
  0.25034410E+01  0.14640482E+02
  0.25134790E+01  0.14554634E+02
  0.25235171E+01  0.14468958E+02
  0.25335552E+01  0.14383645E+02
  0.25435932E+01  0.14298877E+02
  0.25536313E+01  0.14214837E+02
  0.25636694E+01  0.14131699E+02
  0.25737075E+01  0.14049631E+02
  0.25837455E+01  0.13968794E+02
  0.25938659E+01  0.13888693E+02
  0.26039862E+01  0.13810144E+02
  0.26141066E+01  0.13733282E+02
  0.26242269E+01  0.13658232E+02
  0.26343473E+01  0.13585106E+02
  0.26444676E+01  0.13514007E+02
  0.26545880E+01  0.13445024E+02
  0.26647083E+01  0.13378237E+02
  0.26748287E+01  0.13313715E+02
  0.26849490E+01  0.13251516E+02
  0.26950694E+01  0.13191697E+02
  0.27051897E+01  0.13134311E+02
  0.27153101E+01  0.13079425E+02
  0.27254305E+01  0.13027148E+02
  0.27355508E+01  0.12977729E+02
  0.27456712E+01  0.12931970E+02
  0.27557915E+01  0.12894310E+02
  0.27659119E+01  0.12897236E+02
  0.27760322E+01  0.12945827E+02
  0.27861526E+01  0.12998715E+02
  0.27962729E+01  0.13049113E+02
  0.28063933E+01  0.13095876E+02
  0.28165136E+01  0.13138641E+02
  0.28266340E+01  0.13177251E+02
  0.28367543E+01  0.13211621E+02
  0.28468747E+01  0.13241706E+02
  0.28569950E+01  0.13267481E+02
  0.28671154E+01  0.13288937E+02
  0.28772357E+01  0.13306076E+02
  0.28873561E+01  0.13318912E+02
  0.28974764E+01  0.13327465E+02
  0.29075968E+01  0.13331767E+02
  0.29177171E+01  0.13331854E+02
  0.29278375E+01  0.13327771E+02
  0.29379578E+01  0.13319570E+02
  0.29480782E+01  0.13307312E+02
  0.29581985E+01  0.13291059E+02
  0.29683189E+01  0.13270886E+02
  0.29784392E+01  0.13246869E+02
  0.29885596E+01  0.13219093E+02
  0.29986799E+01  0.13187647E+02
  0.30088003E+01  0.13152625E+02
  0.30189206E+01  0.13114128E+02
  0.30290410E+01  0.13072261E+02
  0.30391614E+01  0.13027132E+02
  0.30492817E+01  0.12978857E+02
  0.30594021E+01  0.12927553E+02
  0.30695224E+01  0.12873342E+02
  0.30796428E+01  0.12816350E+02
  0.30897631E+01  0.12756706E+02
  0.30998835E+01  0.12694544E+02
  0.31100038E+01  0.12630002E+02
  0.31201242E+01  0.12563232E+02
  0.31302445E+01  0.12494447E+02
  0.31403649E+01  0.12430226E+02
  0.31504852E+01  0.12433072E+02
  0.31606056E+01  0.12438329E+02
  0.31707259E+01  0.12443274E+02
  0.31808463E+01  0.12447714E+02
  0.31909666E+01  0.12451500E+02
  0.32010870E+01  0.12454492E+02
  0.32112073E+01  0.12456550E+02
  0.32213277E+01  0.12457534E+02
  0.32314480E+01  0.12457307E+02
  0.32415684E+01  0.12455731E+02
  0.32516887E+01  0.12452671E+02
  0.32618091E+01  0.12447996E+02
  0.32719294E+01  0.12441577E+02
  0.32820498E+01  0.12433291E+02
  0.32921701E+01  0.12423018E+02
  0.33022905E+01  0.12410646E+02
  0.33124108E+01  0.12396067E+02
  0.33225312E+01  0.12379181E+02
  0.33326515E+01  0.12359896E+02
  0.33427719E+01  0.12338126E+02
  0.33528923E+01  0.12313794E+02
  0.33630126E+01  0.12286833E+02
  0.33731330E+01  0.12257183E+02
  0.33832533E+01  0.12224793E+02
  0.33933737E+01  0.12189625E+02
  0.34034940E+01  0.12151646E+02
  0.34136144E+01  0.12110838E+02
  0.34237347E+01  0.12067191E+02
  0.34338551E+01  0.12020705E+02
  0.34439754E+01  0.11971394E+02
  0.34540958E+01  0.11919280E+02
  0.34642161E+01  0.11864400E+02
  0.34743365E+01  0.11806801E+02
  0.34844568E+01  0.11746543E+02
  0.34945772E+01  0.11683700E+02
  0.35046975E+01  0.11618357E+02
  0.35148179E+01  0.11550615E+02
  0.35249382E+01  0.11480588E+02
  0.35350586E+01  0.11408408E+02
  0.35451789E+01  0.11334222E+02
  0.35552993E+01  0.11258192E+02
  0.35654196E+01  0.11180503E+02
  0.35755400E+01  0.11101356E+02
  0.35856603E+01  0.11020976E+02
  0.35957807E+01  0.10939611E+02
  0.36059010E+01  0.10857534E+02
  0.36160214E+01  0.10775047E+02
  0.36261417E+01  0.10692481E+02
  0.36362621E+01  0.10610200E+02
  0.36463824E+01  0.10528604E+02
  0.36565028E+01  0.10448127E+02
  0.36666232E+01  0.10369242E+02
  0.36767435E+01  0.10292456E+02
  0.36868639E+01  0.10218306E+02
  0.36969842E+01  0.10147354E+02
  0.37071046E+01  0.10080168E+02
  0.37172249E+01  0.10017310E+02
  0.37273453E+01  0.99593105E+01
  0.37374656E+01  0.99066427E+01
  0.37475860E+01  0.98597020E+01
  0.37577063E+01  0.98187878E+01
  0.37678267E+01  0.97840979E+01
  0.37779470E+01  0.97557356E+01
  0.37880674E+01  0.97337283E+01
  0.37981877E+01  0.97180549E+01
  0.38083081E+01  0.97086742E+01
  0.38184284E+01  0.97055504E+01
